[0m19:42:53.406249 [debug] [MainThread]: Sending event: {'category': 'dbt', 'action': 'invocation', 'label': 'start', 'context': [<snowplow_tracker.self_describing_json.SelfDescribingJson object at 0x7f50abca62a0>, <snowplow_tracker.self_describing_json.SelfDescribingJson object at 0x7f50aba77110>, <snowplow_tracker.self_describing_json.SelfDescribingJson object at 0x7f50abca5130>]}


============================== 19:42:53.416210 | ad736f34-4a22-4b82-a02a-33773de58871 ==============================
[0m19:42:53.416210 [info ] [MainThread]: Running with dbt=1.9.0
[0m19:42:53.417867 [debug] [MainThread]: running dbt with arguments {'printer_width': '80', 'indirect_selection': 'eager', 'log_cache_events': 'False', 'write_json': 'True', 'partial_parse': 'True', 'cache_selected_only': 'False', 'warn_error': 'None', 'debug': 'False', 'version_check': 'True', 'log_path': '/usr/app/dbt_atv4_project/logs', 'profiles_dir': '/root/.dbt', 'fail_fast': 'False', 'use_colors': 'True', 'use_experimental_parser': 'False', 'no_print': 'None', 'quiet': 'False', 'empty': 'None', 'warn_error_options': 'WarnErrorOptions(include=[], exclude=[])', 'static_parser': 'True', 'introspect': 'True', 'invocation_command': 'dbt debug', 'target_path': 'None', 'log_format': 'default', 'send_anonymous_usage_stats': 'True'}
[0m19:42:53.481590 [info ] [MainThread]: dbt version: 1.9.0
[0m19:42:53.483289 [info ] [MainThread]: python version: 3.12.4
[0m19:42:53.484703 [info ] [MainThread]: python path: /usr/local/bin/python
[0m19:42:53.486112 [info ] [MainThread]: os info: Linux-6.18.33.2-microsoft-standard-WSL2-x86_64-with-glibc2.31
[0m19:42:53.556785 [info ] [MainThread]: Using profiles dir at /root/.dbt
[0m19:42:53.558653 [info ] [MainThread]: Using profiles.yml file at /root/.dbt/profiles.yml
[0m19:42:53.560112 [info ] [MainThread]: Using dbt_project.yml file at /usr/app/dbt_atv4_project/dbt_project.yml
[0m19:42:53.562921 [info ] [MainThread]: adapter type: postgres
[0m19:42:53.564313 [info ] [MainThread]: adapter version: 1.9.0
[0m19:42:53.661488 [info ] [MainThread]: Configuration:
[0m19:42:53.663435 [info ] [MainThread]:   profiles.yml file [[32mOK found and valid[0m]
[0m19:42:53.664839 [info ] [MainThread]:   dbt_project.yml file [[32mOK found and valid[0m]
[0m19:42:53.666098 [info ] [MainThread]: Required dependencies:
[0m19:42:53.667313 [debug] [MainThread]: Executing "git --help"
[0m19:42:53.676441 [debug] [MainThread]: STDOUT: "b"usage: git [--version] [--help] [-C <path>] [-c <name>=<value>]\n           [--exec-path[=<path>]] [--html-path] [--man-path] [--info-path]\n           [-p | --paginate | -P | --no-pager] [--no-replace-objects] [--bare]\n           [--git-dir=<path>] [--work-tree=<path>] [--namespace=<name>]\n           <command> [<args>]\n\nThese are common Git commands used in various situations:\n\nstart a working area (see also: git help tutorial)\n   clone             Clone a repository into a new directory\n   init              Create an empty Git repository or reinitialize an existing one\n\nwork on the current change (see also: git help everyday)\n   add               Add file contents to the index\n   mv                Move or rename a file, a directory, or a symlink\n   restore           Restore working tree files\n   rm                Remove files from the working tree and from the index\n   sparse-checkout   Initialize and modify the sparse-checkout\n\nexamine the history and state (see also: git help revisions)\n   bisect            Use binary search to find the commit that introduced a bug\n   diff              Show changes between commits, commit and working tree, etc\n   grep              Print lines matching a pattern\n   log               Show commit logs\n   show              Show various types of objects\n   status            Show the working tree status\n\ngrow, mark and tweak your common history\n   branch            List, create, or delete branches\n   commit            Record changes to the repository\n   merge             Join two or more development histories together\n   rebase            Reapply commits on top of another base tip\n   reset             Reset current HEAD to the specified state\n   switch            Switch branches\n   tag               Create, list, delete or verify a tag object signed with GPG\n\ncollaborate (see also: git help workflows)\n   fetch             Download objects and refs from another repository\n   pull              Fetch from and integrate with another repository or a local branch\n   push              Update remote refs along with associated objects\n\n'git help -a' and 'git help -g' list available subcommands and some\nconcept guides. See 'git help <command>' or 'git help <concept>'\nto read about a specific subcommand or concept.\nSee 'git help git' for an overview of the system.\n""
[0m19:42:53.677969 [debug] [MainThread]: STDERR: "b''"
[0m19:42:53.679007 [info ] [MainThread]:  - git [[32mOK found[0m]

[0m19:42:53.680433 [info ] [MainThread]: Connection:
[0m19:42:53.682239 [info ] [MainThread]:   host: postgres-db
[0m19:42:53.683824 [info ] [MainThread]:   port: 5432
[0m19:42:53.685954 [info ] [MainThread]:   user: postgres
[0m19:42:53.687267 [info ] [MainThread]:   database: atv4
[0m19:42:53.688729 [info ] [MainThread]:   schema: delivery
[0m19:42:53.690294 [info ] [MainThread]:   connect_timeout: 10
[0m19:42:53.691783 [info ] [MainThread]:   role: None
[0m19:42:53.693003 [info ] [MainThread]:   search_path: None
[0m19:42:53.694500 [info ] [MainThread]:   keepalives_idle: 0
[0m19:42:53.695705 [info ] [MainThread]:   sslmode: None
[0m19:42:53.696863 [info ] [MainThread]:   sslcert: None
[0m19:42:53.698648 [info ] [MainThread]:   sslkey: None
[0m19:42:53.701296 [info ] [MainThread]:   sslrootcert: None
[0m19:42:53.702491 [info ] [MainThread]:   application_name: dbt
[0m19:42:53.703994 [info ] [MainThread]:   retries: 1
[0m19:42:53.713533 [info ] [MainThread]: Registered adapter: postgres=1.9.0
[0m19:42:53.803594 [debug] [MainThread]: Acquiring new postgres connection 'debug'
[0m19:42:53.906434 [debug] [MainThread]: Using postgres connection "debug"
[0m19:42:53.907822 [debug] [MainThread]: On debug: select 1 as id
[0m19:42:53.909202 [debug] [MainThread]: Opening a new connection, currently in state init
[0m19:42:53.922014 [debug] [MainThread]: SQL status: SELECT 1 in 0.013 seconds
[0m19:42:53.924075 [debug] [MainThread]: On debug: Close
[0m19:42:53.925675 [info ] [MainThread]:   Connection test: [[32mOK connection ok[0m]

[0m19:42:53.927592 [info ] [MainThread]: [32mAll checks passed![0m
[0m19:42:53.932431 [debug] [MainThread]: Resource report: {"command_name": "debug", "command_success": true, "command_wall_clock_time": 0.5941052, "process_in_blocks": "4515", "process_kernel_time": 0.344722, "process_mem_max_rss": "101948", "process_out_blocks": "1488", "process_user_time": 1.475092}
[0m19:42:53.934566 [debug] [MainThread]: Command `dbt debug` succeeded at 19:42:53.934318 after 0.60 seconds
[0m19:42:53.935936 [debug] [MainThread]: Connection 'debug' was properly closed.
[0m19:42:53.937762 [debug] [MainThread]: Sending event: {'category': 'dbt', 'action': 'invocation', 'label': 'end', 'context': [<snowplow_tracker.self_describing_json.SelfDescribingJson object at 0x7f50ab9dfbf0>, <snowplow_tracker.self_describing_json.SelfDescribingJson object at 0x7f50abc1d2b0>, <snowplow_tracker.self_describing_json.SelfDescribingJson object at 0x7f50abd0eb10>]}
[0m19:42:53.945700 [debug] [MainThread]: Flushing usage events
[0m19:42:54.554297 [debug] [MainThread]: An error was encountered while trying to flush usage events
[0m21:03:10.369789 [debug] [MainThread]: Sending event: {'category': 'dbt', 'action': 'invocation', 'label': 'start', 'context': [<snowplow_tracker.self_describing_json.SelfDescribingJson object at 0x7f1267f4ef30>, <snowplow_tracker.self_describing_json.SelfDescribingJson object at 0x7f1268487cb0>, <snowplow_tracker.self_describing_json.SelfDescribingJson object at 0x7f12681973b0>]}


============================== 21:03:10.378732 | dd69b971-c4c9-4ad9-8c0f-844b05d4c0f2 ==============================
[0m21:03:10.378732 [info ] [MainThread]: Running with dbt=1.9.0
[0m21:03:10.379960 [debug] [MainThread]: running dbt with arguments {'printer_width': '80', 'indirect_selection': 'eager', 'write_json': 'True', 'log_cache_events': 'False', 'partial_parse': 'True', 'cache_selected_only': 'False', 'profiles_dir': '/root/.dbt', 'version_check': 'True', 'fail_fast': 'False', 'log_path': '/usr/app/dbt_atv4_project/logs', 'warn_error': 'None', 'debug': 'False', 'use_colors': 'True', 'use_experimental_parser': 'False', 'no_print': 'None', 'quiet': 'False', 'empty': 'None', 'log_format': 'default', 'invocation_command': 'dbt parse', 'static_parser': 'True', 'introspect': 'True', 'target_path': 'None', 'warn_error_options': 'WarnErrorOptions(include=[], exclude=[])', 'send_anonymous_usage_stats': 'True'}
[0m21:03:10.689257 [debug] [MainThread]: Sending event: {'category': 'dbt', 'action': 'project_id', 'label': 'dd69b971-c4c9-4ad9-8c0f-844b05d4c0f2', 'context': [<snowplow_tracker.self_describing_json.SelfDescribingJson object at 0x7f1267c42a50>]}
[0m21:03:10.747652 [debug] [MainThread]: Sending event: {'category': 'dbt', 'action': 'adapter_info', 'label': 'dd69b971-c4c9-4ad9-8c0f-844b05d4c0f2', 'context': [<snowplow_tracker.self_describing_json.SelfDescribingJson object at 0x7f12660604d0>]}
[0m21:03:10.750628 [info ] [MainThread]: Registered adapter: postgres=1.9.0
[0m21:03:10.820050 [debug] [MainThread]: checksum: c99e828bba267739642b5a3ce85f17518764ea526e0e6c4fdc649171c1a66bff, vars: {}, profile: , target: , version: 1.9.0
[0m21:03:10.825959 [info ] [MainThread]: Unable to do partial parsing because saved manifest not found. Starting full parse.
[0m21:03:10.827448 [debug] [MainThread]: Sending event: {'category': 'dbt', 'action': 'partial_parser', 'label': 'dd69b971-c4c9-4ad9-8c0f-844b05d4c0f2', 'context': [<snowplow_tracker.self_describing_json.SelfDescribingJson object at 0x7f1267f4cec0>]}
[0m21:03:11.928390 [debug] [MainThread]: Sending event: {'category': 'dbt', 'action': 'load_project', 'label': 'dd69b971-c4c9-4ad9-8c0f-844b05d4c0f2', 'context': [<snowplow_tracker.self_describing_json.SelfDescribingJson object at 0x7f1266062510>]}
[0m21:03:11.936110 [info ] [MainThread]: Performance info: /usr/app/dbt_atv4_project/target/perf_info.json
[0m21:03:12.027541 [debug] [MainThread]: Wrote artifact WritableManifest to /usr/app/dbt_atv4_project/target/manifest.json
[0m21:03:12.033890 [debug] [MainThread]: Wrote artifact SemanticManifest to /usr/app/dbt_atv4_project/target/semantic_manifest.json
[0m21:03:12.036473 [debug] [MainThread]: Resource report: {"command_name": "parse", "command_success": true, "command_wall_clock_time": 1.7298385, "process_in_blocks": "125216", "process_kernel_time": 0.318668, "process_mem_max_rss": "102856", "process_out_blocks": "1488", "process_user_time": 2.61389}
[0m21:03:12.038444 [debug] [MainThread]: Command `dbt parse` succeeded at 21:03:12.038238 after 1.73 seconds
[0m21:03:12.039681 [debug] [MainThread]: Sending event: {'category': 'dbt', 'action': 'invocation', 'label': 'end', 'context': [<snowplow_tracker.self_describing_json.SelfDescribingJson object at 0x7f126797fec0>, <snowplow_tracker.self_describing_json.SelfDescribingJson object at 0x7f1265eb74d0>, <snowplow_tracker.self_describing_json.SelfDescribingJson object at 0x7f1265ec63f0>]}
[0m21:03:12.040737 [debug] [MainThread]: Flushing usage events
[0m21:03:12.684366 [debug] [MainThread]: An error was encountered while trying to flush usage events
[0m21:24:21.021830 [debug] [MainThread]: Sending event: {'category': 'dbt', 'action': 'invocation', 'label': 'start', 'context': [<snowplow_tracker.self_describing_json.SelfDescribingJson object at 0x73b53cdbc6b0>, <snowplow_tracker.self_describing_json.SelfDescribingJson object at 0x73b53ea25fa0>, <snowplow_tracker.self_describing_json.SelfDescribingJson object at 0x73b53cca9700>]}


============================== 21:24:21.032795 | 593bbdb4-58f2-40d7-95eb-e31a9a60d6eb ==============================
[0m21:24:21.032795 [info ] [MainThread]: Running with dbt=1.9.0
[0m21:24:21.034500 [debug] [MainThread]: running dbt with arguments {'printer_width': '80', 'indirect_selection': 'eager', 'log_cache_events': 'False', 'write_json': 'True', 'partial_parse': 'True', 'cache_selected_only': 'False', 'profiles_dir': '/root/.dbt', 'version_check': 'True', 'debug': 'False', 'log_path': '/usr/app/dbt_atv4_project/logs', 'warn_error': 'None', 'fail_fast': 'False', 'use_colors': 'True', 'use_experimental_parser': 'False', 'no_print': 'None', 'quiet': 'False', 'empty': 'False', 'warn_error_options': 'WarnErrorOptions(include=[], exclude=[])', 'invocation_command': 'dbt run', 'introspect': 'True', 'static_parser': 'True', 'target_path': 'None', 'log_format': 'default', 'send_anonymous_usage_stats': 'True'}
[0m21:24:21.243425 [debug] [MainThread]: Sending event: {'category': 'dbt', 'action': 'project_id', 'label': '593bbdb4-58f2-40d7-95eb-e31a9a60d6eb', 'context': [<snowplow_tracker.self_describing_json.SelfDescribingJson object at 0x73b53c953b30>]}
[0m21:24:21.298940 [debug] [MainThread]: Sending event: {'category': 'dbt', 'action': 'adapter_info', 'label': '593bbdb4-58f2-40d7-95eb-e31a9a60d6eb', 'context': [<snowplow_tracker.self_describing_json.SelfDescribingJson object at 0x73b53c977e30>]}
[0m21:24:21.301900 [info ] [MainThread]: Registered adapter: postgres=1.9.0
[0m21:24:21.374009 [debug] [MainThread]: checksum: c99e828bba267739642b5a3ce85f17518764ea526e0e6c4fdc649171c1a66bff, vars: {}, profile: , target: , version: 1.9.0
[0m21:24:21.573580 [debug] [MainThread]: Partial parsing enabled: 0 files deleted, 0 files added, 0 files changed.
[0m21:24:21.574999 [debug] [MainThread]: Partial parsing enabled, no changes found, skipping parsing
[0m21:24:21.606412 [debug] [MainThread]: Sending event: {'category': 'dbt', 'action': 'load_project', 'label': '593bbdb4-58f2-40d7-95eb-e31a9a60d6eb', 'context': [<snowplow_tracker.self_describing_json.SelfDescribingJson object at 0x73b53b15b290>]}
[0m21:24:21.693523 [debug] [MainThread]: Wrote artifact WritableManifest to /usr/app/dbt_atv4_project/target/manifest.json
[0m21:24:21.698648 [debug] [MainThread]: Wrote artifact SemanticManifest to /usr/app/dbt_atv4_project/target/semantic_manifest.json
[0m21:24:21.739894 [debug] [MainThread]: Sending event: {'category': 'dbt', 'action': 'resource_counts', 'label': '593bbdb4-58f2-40d7-95eb-e31a9a60d6eb', 'context': [<snowplow_tracker.self_describing_json.SelfDescribingJson object at 0x73b53ae64cb0>]}
[0m21:24:21.741983 [info ] [MainThread]: Found 4 models, 4 sources, 431 macros
[0m21:24:21.743503 [debug] [MainThread]: Sending event: {'category': 'dbt', 'action': 'runnable_timing', 'label': '593bbdb4-58f2-40d7-95eb-e31a9a60d6eb', 'context': [<snowplow_tracker.self_describing_json.SelfDescribingJson object at 0x73b53afddd60>]}
[0m21:24:21.746810 [info ] [MainThread]: 
[0m21:24:21.748306 [info ] [MainThread]: Concurrency: 4 threads (target='dev')
[0m21:24:21.750007 [info ] [MainThread]: 
[0m21:24:21.752004 [debug] [MainThread]: Acquiring new postgres connection 'master'
[0m21:24:21.757585 [debug] [ThreadPool]: Acquiring new postgres connection 'list_atv4'
[0m21:24:21.806042 [debug] [ThreadPool]: Using postgres connection "list_atv4"
[0m21:24:21.807478 [debug] [ThreadPool]: On list_atv4: /* {"app": "dbt", "dbt_version": "1.9.0", "profile_name": "atv4", "target_name": "dev", "connection_name": "list_atv4"} */

    select distinct nspname from pg_namespace
  
[0m21:24:21.808539 [debug] [ThreadPool]: Opening a new connection, currently in state init
[0m21:24:21.816503 [debug] [ThreadPool]: SQL status: SELECT 7 in 0.008 seconds
[0m21:24:21.818672 [debug] [ThreadPool]: On list_atv4: Close
[0m21:24:21.820801 [debug] [ThreadPool]: Re-using an available connection from the pool (formerly list_atv4, now list_atv4_delivery_atv4)
[0m21:24:21.826360 [debug] [ThreadPool]: Using postgres connection "list_atv4_delivery_atv4"
[0m21:24:21.827830 [debug] [ThreadPool]: On list_atv4_delivery_atv4: BEGIN
[0m21:24:21.829044 [debug] [ThreadPool]: Opening a new connection, currently in state closed
[0m21:24:21.836041 [debug] [ThreadPool]: SQL status: BEGIN in 0.007 seconds
[0m21:24:21.837518 [debug] [ThreadPool]: Using postgres connection "list_atv4_delivery_atv4"
[0m21:24:21.839213 [debug] [ThreadPool]: On list_atv4_delivery_atv4: /* {"app": "dbt", "dbt_version": "1.9.0", "profile_name": "atv4", "target_name": "dev", "connection_name": "list_atv4_delivery_atv4"} */
select
      'atv4' as database,
      tablename as name,
      schemaname as schema,
      'table' as type
    from pg_tables
    where schemaname ilike 'delivery_atv4'
    union all
    select
      'atv4' as database,
      viewname as name,
      schemaname as schema,
      'view' as type
    from pg_views
    where schemaname ilike 'delivery_atv4'
    union all
    select
      'atv4' as database,
      matviewname as name,
      schemaname as schema,
      'materialized_view' as type
    from pg_matviews
    where schemaname ilike 'delivery_atv4'
  
[0m21:24:21.843623 [debug] [ThreadPool]: SQL status: SELECT 0 in 0.003 seconds
[0m21:24:21.846470 [debug] [ThreadPool]: On list_atv4_delivery_atv4: ROLLBACK
[0m21:24:21.848094 [debug] [ThreadPool]: On list_atv4_delivery_atv4: Close
[0m21:24:21.854726 [debug] [MainThread]: Using postgres connection "master"
[0m21:24:21.856043 [debug] [MainThread]: On master: BEGIN
[0m21:24:21.857078 [debug] [MainThread]: Opening a new connection, currently in state init
[0m21:24:21.863758 [debug] [MainThread]: SQL status: BEGIN in 0.007 seconds
[0m21:24:21.864979 [debug] [MainThread]: Using postgres connection "master"
[0m21:24:21.866036 [debug] [MainThread]: On master: /* {"app": "dbt", "dbt_version": "1.9.0", "profile_name": "atv4", "target_name": "dev", "connection_name": "master"} */
with relation as (
        select
            pg_rewrite.ev_class as class,
            pg_rewrite.oid as id
        from pg_rewrite
    ),
    class as (
        select
            oid as id,
            relname as name,
            relnamespace as schema,
            relkind as kind
        from pg_class
    ),
    dependency as (
        select distinct
            pg_depend.objid as id,
            pg_depend.refobjid as ref
        from pg_depend
    ),
    schema as (
        select
            pg_namespace.oid as id,
            pg_namespace.nspname as name
        from pg_namespace
        where nspname != 'information_schema' and nspname not like 'pg\_%'
    ),
    referenced as (
        select
            relation.id AS id,
            referenced_class.name ,
            referenced_class.schema ,
            referenced_class.kind
        from relation
        join class as referenced_class on relation.class=referenced_class.id
        where referenced_class.kind in ('r', 'v', 'm')
    ),
    relationships as (
        select
            referenced.name as referenced_name,
            referenced.schema as referenced_schema_id,
            dependent_class.name as dependent_name,
            dependent_class.schema as dependent_schema_id,
            referenced.kind as kind
        from referenced
        join dependency on referenced.id=dependency.id
        join class as dependent_class on dependency.ref=dependent_class.id
        where
            (referenced.name != dependent_class.name or
             referenced.schema != dependent_class.schema)
    )

    select
        referenced_schema.name as referenced_schema,
        relationships.referenced_name as referenced_name,
        dependent_schema.name as dependent_schema,
        relationships.dependent_name as dependent_name
    from relationships
    join schema as dependent_schema on relationships.dependent_schema_id=dependent_schema.id
    join schema as referenced_schema on relationships.referenced_schema_id=referenced_schema.id
    group by referenced_schema, referenced_name, dependent_schema, dependent_name
    order by referenced_schema, referenced_name, dependent_schema, dependent_name;
[0m21:24:21.870505 [debug] [MainThread]: SQL status: SELECT 0 in 0.003 seconds
[0m21:24:21.873083 [debug] [MainThread]: Sending event: {'category': 'dbt', 'action': 'runnable_timing', 'label': '593bbdb4-58f2-40d7-95eb-e31a9a60d6eb', 'context': [<snowplow_tracker.self_describing_json.SelfDescribingJson object at 0x73b53e7c8530>]}
[0m21:24:21.874516 [debug] [MainThread]: On master: ROLLBACK
[0m21:24:21.875756 [debug] [MainThread]: Using postgres connection "master"
[0m21:24:21.876714 [debug] [MainThread]: On master: BEGIN
[0m21:24:21.878234 [debug] [MainThread]: SQL status: BEGIN in 0.000 seconds
[0m21:24:21.879457 [debug] [MainThread]: On master: COMMIT
[0m21:24:21.880368 [debug] [MainThread]: Using postgres connection "master"
[0m21:24:21.881216 [debug] [MainThread]: On master: COMMIT
[0m21:24:21.882289 [debug] [MainThread]: SQL status: COMMIT in 0.000 seconds
[0m21:24:21.883554 [debug] [MainThread]: On master: Close
[0m21:24:21.886904 [debug] [Thread-1 (]: Began running node model.atv4.stg_bancos
[0m21:24:21.887350 [debug] [Thread-2 (]: Began running node model.atv4.stg_complains
[0m21:24:21.887746 [debug] [Thread-3 (]: Began running node model.atv4.stg_empregados
[0m21:24:21.889179 [info ] [Thread-1 (]: 1 of 4 START sql view model delivery_atv4.stg_bancos ........................... [RUN]
[0m21:24:21.890682 [info ] [Thread-2 (]: 2 of 4 START sql view model delivery_atv4.stg_complains ........................ [RUN]
[0m21:24:21.892052 [info ] [Thread-3 (]: 3 of 4 START sql view model delivery_atv4.stg_empregados ....................... [RUN]
[0m21:24:21.893466 [debug] [Thread-1 (]: Re-using an available connection from the pool (formerly list_atv4_delivery_atv4, now model.atv4.stg_bancos)
[0m21:24:21.895930 [debug] [Thread-2 (]: Acquiring new postgres connection 'model.atv4.stg_complains'
[0m21:24:21.897406 [debug] [Thread-3 (]: Acquiring new postgres connection 'model.atv4.stg_empregados'
[0m21:24:21.898565 [debug] [Thread-1 (]: Began compiling node model.atv4.stg_bancos
[0m21:24:21.899783 [debug] [Thread-2 (]: Began compiling node model.atv4.stg_complains
[0m21:24:21.900928 [debug] [Thread-3 (]: Began compiling node model.atv4.stg_empregados
[0m21:24:21.908153 [debug] [Thread-1 (]: Writing injected SQL for node "model.atv4.stg_bancos"
[0m21:24:21.912266 [debug] [Thread-2 (]: Writing injected SQL for node "model.atv4.stg_complains"
[0m21:24:21.915969 [debug] [Thread-3 (]: Writing injected SQL for node "model.atv4.stg_empregados"
[0m21:24:21.926637 [debug] [Thread-3 (]: Began executing node model.atv4.stg_empregados
[0m21:24:21.933524 [debug] [Thread-2 (]: Began executing node model.atv4.stg_complains
[0m21:24:21.961818 [debug] [Thread-1 (]: Began executing node model.atv4.stg_bancos
[0m21:24:21.966496 [debug] [Thread-2 (]: Writing runtime sql for node "model.atv4.stg_complains"
[0m21:24:21.967155 [debug] [Thread-3 (]: Writing runtime sql for node "model.atv4.stg_empregados"
[0m21:24:21.972217 [debug] [Thread-1 (]: Writing runtime sql for node "model.atv4.stg_bancos"
[0m21:24:21.983461 [debug] [Thread-2 (]: Using postgres connection "model.atv4.stg_complains"
[0m21:24:21.985032 [debug] [Thread-2 (]: On model.atv4.stg_complains: BEGIN
[0m21:24:21.985698 [debug] [Thread-3 (]: Using postgres connection "model.atv4.stg_empregados"
[0m21:24:21.986774 [debug] [Thread-2 (]: Opening a new connection, currently in state init
[0m21:24:21.987405 [debug] [Thread-1 (]: Using postgres connection "model.atv4.stg_bancos"
[0m21:24:21.988281 [debug] [Thread-3 (]: On model.atv4.stg_empregados: BEGIN
[0m21:24:21.990719 [debug] [Thread-1 (]: On model.atv4.stg_bancos: BEGIN
[0m21:24:21.992010 [debug] [Thread-3 (]: Opening a new connection, currently in state init
[0m21:24:21.993263 [debug] [Thread-1 (]: Opening a new connection, currently in state closed
[0m21:24:21.995812 [debug] [Thread-2 (]: SQL status: BEGIN in 0.009 seconds
[0m21:24:21.997151 [debug] [Thread-2 (]: Using postgres connection "model.atv4.stg_complains"
[0m21:24:21.998311 [debug] [Thread-2 (]: On model.atv4.stg_complains: /* {"app": "dbt", "dbt_version": "1.9.0", "profile_name": "atv4", "target_name": "dev", "node_id": "model.atv4.stg_complains"} */

  create view "atv4"."delivery_atv4"."stg_complains__dbt_tmp"
    
    
  as (
    select
    ano,
    cast(trimestre as int) as trimestre,
    categoria,
    tipo,
    cnpj_base,
    instituicao_financeira,
    indice,
    qtd_recl_reguladas_procedentes,
    qtd_recl_reguladas_outras,
    qtd_recl_nao_reguladas,
    qtd_recl_total,
    qtd_clientes_ccs_scr,
    qtd_clientes_ccs,
    qtd_clientes_scr,
    
trim(regexp_replace(
  regexp_replace(
    regexp_replace(
      regexp_replace(upper(instituicao_financeira), '\s*[-–]\s*PRUDENCIAL$', '', 'g'),
      '\s*\(CONGLOMERADO\)$', '', 'g'),
    '[^A-Z0-9 ]', '', 'g'),
  '\s+', ' ', 'g'))
 as chave_nome
from "atv4"."trusted_atv4"."complaints"
  );
[0m21:24:22.000076 [debug] [Thread-3 (]: SQL status: BEGIN in 0.008 seconds
[0m21:24:22.000592 [debug] [Thread-1 (]: SQL status: BEGIN in 0.007 seconds
[0m21:24:22.001501 [debug] [Thread-3 (]: Using postgres connection "model.atv4.stg_empregados"
[0m21:24:22.001923 [debug] [Thread-2 (]: SQL status: CREATE VIEW in 0.002 seconds
[0m21:24:22.003228 [debug] [Thread-1 (]: Using postgres connection "model.atv4.stg_bancos"
[0m21:24:22.004210 [debug] [Thread-3 (]: On model.atv4.stg_empregados: /* {"app": "dbt", "dbt_version": "1.9.0", "profile_name": "atv4", "target_name": "dev", "node_id": "model.atv4.stg_empregados"} */

  create view "atv4"."delivery_atv4"."stg_empregados__dbt_tmp"
    
    
  as (
    with base as (
    select
        employer_name,
        nome_instituicao,
        segmento,
        nota_geral,
        nota_cultura_valores,
        nota_qualidade_vida,
        nota_remuneracao_beneficios,
        pct_recomendam,
        match_percent,
        
trim(regexp_replace(
  regexp_replace(
    regexp_replace(
      regexp_replace(upper(nome_instituicao), '\s*[-–]\s*PRUDENCIAL$', '', 'g'),
      '\s*\(CONGLOMERADO\)$', '', 'g'),
    '[^A-Z0-9 ]', '', 'g'),
  '\s+', ' ', 'g'))
 as chave_nome,
        row_number() over (partition by 
trim(regexp_replace(
  regexp_replace(
    regexp_replace(
      regexp_replace(upper(nome_instituicao), '\s*[-–]\s*PRUDENCIAL$', '', 'g'),
      '\s*\(CONGLOMERADO\)$', '', 'g'),
    '[^A-Z0-9 ]', '', 'g'),
  '\s+', ' ', 'g'))

                           order by match_percent desc, employer_name) as rn
    from "atv4"."trusted_atv4"."employer_segments"
)
select * exclude (rn) from base where rn = 1
  );
[0m21:24:22.010187 [debug] [Thread-2 (]: Using postgres connection "model.atv4.stg_complains"
[0m21:24:22.011728 [debug] [Thread-1 (]: On model.atv4.stg_bancos: /* {"app": "dbt", "dbt_version": "1.9.0", "profile_name": "atv4", "target_name": "dev", "node_id": "model.atv4.stg_bancos"} */

  create view "atv4"."delivery_atv4"."stg_bancos__dbt_tmp"
    
    
  as (
    select
    segmento,
    cnpj_base,
    nome_instituicao,
    tipo_registro,
    
trim(regexp_replace(
  regexp_replace(
    regexp_replace(
      regexp_replace(upper(nome_instituicao), '\s*[-–]\s*PRUDENCIAL$', '', 'g'),
      '\s*\(CONGLOMERADO\)$', '', 'g'),
    '[^A-Z0-9 ]', '', 'g'),
  '\s+', ' ', 'g'))
 as chave_nome
from "atv4"."trusted_atv4"."bancos"
  );
[0m21:24:22.013722 [debug] [Thread-2 (]: On model.atv4.stg_complains: /* {"app": "dbt", "dbt_version": "1.9.0", "profile_name": "atv4", "target_name": "dev", "node_id": "model.atv4.stg_complains"} */
alter table "atv4"."delivery_atv4"."stg_complains__dbt_tmp" rename to "stg_complains"
[0m21:24:22.014752 [debug] [Thread-3 (]: Postgres adapter: Postgres error: syntax error at or near "exclude"
LINE 39: select * exclude (rn) from base where rn = 1
                  ^

[0m21:24:22.016541 [debug] [Thread-1 (]: SQL status: CREATE VIEW in 0.001 seconds
[0m21:24:22.017100 [debug] [Thread-2 (]: SQL status: ALTER TABLE in 0.001 seconds
[0m21:24:22.017525 [debug] [Thread-3 (]: On model.atv4.stg_empregados: ROLLBACK
[0m21:24:22.020637 [debug] [Thread-1 (]: Using postgres connection "model.atv4.stg_bancos"
[0m21:24:22.033412 [debug] [Thread-2 (]: On model.atv4.stg_complains: COMMIT
[0m21:24:22.034888 [debug] [Thread-3 (]: On model.atv4.stg_empregados: Close
[0m21:24:22.035687 [debug] [Thread-1 (]: On model.atv4.stg_bancos: /* {"app": "dbt", "dbt_version": "1.9.0", "profile_name": "atv4", "target_name": "dev", "node_id": "model.atv4.stg_bancos"} */
alter table "atv4"."delivery_atv4"."stg_bancos__dbt_tmp" rename to "stg_bancos"
[0m21:24:22.036757 [debug] [Thread-2 (]: Using postgres connection "model.atv4.stg_complains"
[0m21:24:22.039977 [debug] [Thread-1 (]: SQL status: ALTER TABLE in 0.001 seconds
[0m21:24:22.040555 [debug] [Thread-2 (]: On model.atv4.stg_complains: COMMIT
[0m21:24:22.042554 [debug] [Thread-1 (]: On model.atv4.stg_bancos: COMMIT
[0m21:24:22.044562 [debug] [Thread-1 (]: Using postgres connection "model.atv4.stg_bancos"
[0m21:24:22.045112 [debug] [Thread-2 (]: SQL status: COMMIT in 0.002 seconds
[0m21:24:22.046007 [debug] [Thread-1 (]: On model.atv4.stg_bancos: COMMIT
[0m21:24:22.047829 [debug] [Thread-3 (]: Database Error in model stg_empregados (models/staging/stg_empregados.sql)
  syntax error at or near "exclude"
  LINE 39: select * exclude (rn) from base where rn = 1
                    ^
  compiled code at target/run/atv4/models/staging/stg_empregados.sql
[0m21:24:22.053317 [debug] [Thread-2 (]: Applying DROP to: "atv4"."delivery_atv4"."stg_complains__dbt_backup"
[0m21:24:22.056117 [debug] [Thread-1 (]: SQL status: COMMIT in 0.002 seconds
[0m21:24:22.057306 [debug] [Thread-3 (]: Sending event: {'category': 'dbt', 'action': 'run_model', 'label': '593bbdb4-58f2-40d7-95eb-e31a9a60d6eb', 'context': [<snowplow_tracker.self_describing_json.SelfDescribingJson object at 0x73b5387004d0>]}
[0m21:24:22.062243 [debug] [Thread-2 (]: Using postgres connection "model.atv4.stg_complains"
[0m21:24:22.065083 [debug] [Thread-1 (]: Applying DROP to: "atv4"."delivery_atv4"."stg_bancos__dbt_backup"
[0m21:24:22.066784 [error] [Thread-3 (]: 3 of 4 ERROR creating sql view model delivery_atv4.stg_empregados .............. [[31mERROR[0m in 0.16s]
[0m21:24:22.068146 [debug] [Thread-2 (]: On model.atv4.stg_complains: /* {"app": "dbt", "dbt_version": "1.9.0", "profile_name": "atv4", "target_name": "dev", "node_id": "model.atv4.stg_complains"} */
drop view if exists "atv4"."delivery_atv4"."stg_complains__dbt_backup" cascade
[0m21:24:22.069542 [debug] [Thread-1 (]: Using postgres connection "model.atv4.stg_bancos"
[0m21:24:22.070625 [debug] [Thread-3 (]: Finished running node model.atv4.stg_empregados
[0m21:24:22.072097 [debug] [Thread-2 (]: SQL status: DROP VIEW in 0.001 seconds
[0m21:24:22.072843 [debug] [Thread-1 (]: On model.atv4.stg_bancos: /* {"app": "dbt", "dbt_version": "1.9.0", "profile_name": "atv4", "target_name": "dev", "node_id": "model.atv4.stg_bancos"} */
drop view if exists "atv4"."delivery_atv4"."stg_bancos__dbt_backup" cascade
[0m21:24:22.074135 [debug] [Thread-7 (]: Marking all children of 'model.atv4.stg_empregados' to be skipped because of status 'error'.  Reason: Database Error in model stg_empregados (models/staging/stg_empregados.sql)
  syntax error at or near "exclude"
  LINE 39: select * exclude (rn) from base where rn = 1
                    ^
  compiled code at target/run/atv4/models/staging/stg_empregados.sql.
[0m21:24:22.076914 [debug] [Thread-2 (]: On model.atv4.stg_complains: Close
[0m21:24:22.078456 [debug] [Thread-1 (]: SQL status: DROP VIEW in 0.000 seconds
[0m21:24:22.081024 [debug] [Thread-2 (]: Sending event: {'category': 'dbt', 'action': 'run_model', 'label': '593bbdb4-58f2-40d7-95eb-e31a9a60d6eb', 'context': [<snowplow_tracker.self_describing_json.SelfDescribingJson object at 0x73b53e90e330>]}
[0m21:24:22.083851 [debug] [Thread-1 (]: On model.atv4.stg_bancos: Close
[0m21:24:22.086300 [info ] [Thread-2 (]: 2 of 4 OK created sql view model delivery_atv4.stg_complains ................... [[32mCREATE VIEW[0m in 0.19s]
[0m21:24:22.088035 [debug] [Thread-1 (]: Sending event: {'category': 'dbt', 'action': 'run_model', 'label': '593bbdb4-58f2-40d7-95eb-e31a9a60d6eb', 'context': [<snowplow_tracker.self_describing_json.SelfDescribingJson object at 0x73b53a0e0650>]}
[0m21:24:22.089594 [debug] [Thread-2 (]: Finished running node model.atv4.stg_complains
[0m21:24:22.091760 [info ] [Thread-1 (]: 1 of 4 OK created sql view model delivery_atv4.stg_bancos ...................... [[32mCREATE VIEW[0m in 0.19s]
[0m21:24:22.094243 [debug] [Thread-1 (]: Finished running node model.atv4.stg_bancos
[0m21:24:22.096921 [debug] [Thread-4 (]: Began running node model.atv4.delivery_reclamacoes_satisfacao
[0m21:24:22.098115 [info ] [Thread-4 (]: 4 of 4 SKIP relation delivery_atv4.delivery_reclamacoes_satisfacao ............. [[33mSKIP[0m]
[0m21:24:22.099293 [debug] [Thread-4 (]: Finished running node model.atv4.delivery_reclamacoes_satisfacao
[0m21:24:22.102229 [debug] [MainThread]: Using postgres connection "master"
[0m21:24:22.103650 [debug] [MainThread]: On master: BEGIN
[0m21:24:22.104633 [debug] [MainThread]: Opening a new connection, currently in state closed
[0m21:24:22.112975 [debug] [MainThread]: SQL status: BEGIN in 0.008 seconds
[0m21:24:22.114641 [debug] [MainThread]: On master: COMMIT
[0m21:24:22.115669 [debug] [MainThread]: Using postgres connection "master"
[0m21:24:22.117212 [debug] [MainThread]: On master: COMMIT
[0m21:24:22.118717 [debug] [MainThread]: SQL status: COMMIT in 0.000 seconds
[0m21:24:22.119960 [debug] [MainThread]: On master: Close
[0m21:24:22.121076 [debug] [MainThread]: Connection 'master' was properly closed.
[0m21:24:22.122277 [debug] [MainThread]: Connection 'model.atv4.stg_bancos' was properly closed.
[0m21:24:22.123734 [debug] [MainThread]: Connection 'model.atv4.stg_complains' was properly closed.
[0m21:24:22.125316 [debug] [MainThread]: Connection 'model.atv4.stg_empregados' was properly closed.
[0m21:24:22.126568 [info ] [MainThread]: 
[0m21:24:22.128606 [info ] [MainThread]: Finished running 1 table model, 3 view models in 0 hours 0 minutes and 0.37 seconds (0.37s).
[0m21:24:22.131237 [debug] [MainThread]: Command end result
[0m21:24:22.173562 [debug] [MainThread]: Wrote artifact WritableManifest to /usr/app/dbt_atv4_project/target/manifest.json
[0m21:24:22.177576 [debug] [MainThread]: Wrote artifact SemanticManifest to /usr/app/dbt_atv4_project/target/semantic_manifest.json
[0m21:24:22.185634 [debug] [MainThread]: Wrote artifact RunExecutionResult to /usr/app/dbt_atv4_project/target/run_results.json
[0m21:24:22.186675 [info ] [MainThread]: 
[0m21:24:22.187825 [info ] [MainThread]: [31mCompleted with 1 error, 0 partial successes, and 0 warnings:[0m
[0m21:24:22.189631 [info ] [MainThread]: 
[0m21:24:22.191465 [error] [MainThread]:   Database Error in model stg_empregados (models/staging/stg_empregados.sql)
  syntax error at or near "exclude"
  LINE 39: select * exclude (rn) from base where rn = 1
                    ^
  compiled code at target/run/atv4/models/staging/stg_empregados.sql
[0m21:24:22.192896 [info ] [MainThread]: 
[0m21:24:22.195146 [info ] [MainThread]: Done. PASS=2 WARN=0 ERROR=1 SKIP=1 TOTAL=4
[0m21:24:22.197870 [debug] [MainThread]: Resource report: {"command_name": "run", "command_success": false, "command_wall_clock_time": 1.2379736, "process_in_blocks": "7832", "process_kernel_time": 0.300574, "process_mem_max_rss": "109744", "process_out_blocks": "1600", "process_user_time": 1.883601}
[0m21:24:22.199378 [debug] [MainThread]: Command `dbt run` failed at 21:24:22.199184 after 1.24 seconds
[0m21:24:22.200681 [debug] [MainThread]: Sending event: {'category': 'dbt', 'action': 'invocation', 'label': 'end', 'context': [<snowplow_tracker.self_describing_json.SelfDescribingJson object at 0x73b53cdbcf20>, <snowplow_tracker.self_describing_json.SelfDescribingJson object at 0x73b53b15ade0>, <snowplow_tracker.self_describing_json.SelfDescribingJson object at 0x73b53a01c350>]}
[0m21:24:22.201802 [debug] [MainThread]: Flushing usage events
[0m21:24:22.794961 [debug] [MainThread]: An error was encountered while trying to flush usage events
[0m21:25:45.729297 [debug] [MainThread]: Sending event: {'category': 'dbt', 'action': 'invocation', 'label': 'start', 'context': [<snowplow_tracker.self_describing_json.SelfDescribingJson object at 0x7f883a7df170>, <snowplow_tracker.self_describing_json.SelfDescribingJson object at 0x7f883baa26c0>, <snowplow_tracker.self_describing_json.SelfDescribingJson object at 0x7f883bbe09b0>]}


============================== 21:25:45.738659 | 21022f8a-670c-49d8-97b7-8d3934650d6a ==============================
[0m21:25:45.738659 [info ] [MainThread]: Running with dbt=1.9.0
[0m21:25:45.740028 [debug] [MainThread]: running dbt with arguments {'printer_width': '80', 'indirect_selection': 'eager', 'write_json': 'True', 'log_cache_events': 'False', 'partial_parse': 'True', 'cache_selected_only': 'False', 'profiles_dir': '/root/.dbt', 'version_check': 'True', 'debug': 'False', 'log_path': '/usr/app/dbt_atv4_project/logs', 'fail_fast': 'False', 'warn_error': 'None', 'use_colors': 'True', 'use_experimental_parser': 'False', 'no_print': 'None', 'quiet': 'False', 'empty': 'False', 'warn_error_options': 'WarnErrorOptions(include=[], exclude=[])', 'introspect': 'True', 'invocation_command': 'dbt run', 'static_parser': 'True', 'target_path': 'None', 'log_format': 'default', 'send_anonymous_usage_stats': 'True'}
[0m21:25:45.947956 [debug] [MainThread]: Sending event: {'category': 'dbt', 'action': 'project_id', 'label': '21022f8a-670c-49d8-97b7-8d3934650d6a', 'context': [<snowplow_tracker.self_describing_json.SelfDescribingJson object at 0x7f8839b8da90>]}
[0m21:25:46.010758 [debug] [MainThread]: Sending event: {'category': 'dbt', 'action': 'adapter_info', 'label': '21022f8a-670c-49d8-97b7-8d3934650d6a', 'context': [<snowplow_tracker.self_describing_json.SelfDescribingJson object at 0x7f883a15fa10>]}
[0m21:25:46.012706 [info ] [MainThread]: Registered adapter: postgres=1.9.0
[0m21:25:46.101805 [debug] [MainThread]: checksum: c99e828bba267739642b5a3ce85f17518764ea526e0e6c4fdc649171c1a66bff, vars: {}, profile: , target: , version: 1.9.0
[0m21:25:46.337703 [debug] [MainThread]: Partial parsing enabled: 0 files deleted, 0 files added, 1 files changed.
[0m21:25:46.339171 [debug] [MainThread]: Partial parsing: updated file: atv4://models/staging/stg_empregados.sql
[0m21:25:46.624486 [debug] [MainThread]: Sending event: {'category': 'dbt', 'action': 'load_project', 'label': '21022f8a-670c-49d8-97b7-8d3934650d6a', 'context': [<snowplow_tracker.self_describing_json.SelfDescribingJson object at 0x7f8837ff3770>]}
[0m21:25:46.711222 [debug] [MainThread]: Wrote artifact WritableManifest to /usr/app/dbt_atv4_project/target/manifest.json
[0m21:25:46.716627 [debug] [MainThread]: Wrote artifact SemanticManifest to /usr/app/dbt_atv4_project/target/semantic_manifest.json
[0m21:25:46.746047 [debug] [MainThread]: Sending event: {'category': 'dbt', 'action': 'resource_counts', 'label': '21022f8a-670c-49d8-97b7-8d3934650d6a', 'context': [<snowplow_tracker.self_describing_json.SelfDescribingJson object at 0x7f8838163920>]}
[0m21:25:46.747730 [info ] [MainThread]: Found 4 models, 4 sources, 431 macros
[0m21:25:46.749440 [debug] [MainThread]: Sending event: {'category': 'dbt', 'action': 'runnable_timing', 'label': '21022f8a-670c-49d8-97b7-8d3934650d6a', 'context': [<snowplow_tracker.self_describing_json.SelfDescribingJson object at 0x7f88381d0cb0>]}
[0m21:25:46.753332 [info ] [MainThread]: 
[0m21:25:46.755121 [info ] [MainThread]: Concurrency: 4 threads (target='dev')
[0m21:25:46.756847 [info ] [MainThread]: 
[0m21:25:46.758814 [debug] [MainThread]: Acquiring new postgres connection 'master'
[0m21:25:46.764510 [debug] [ThreadPool]: Acquiring new postgres connection 'list_atv4'
[0m21:25:46.819305 [debug] [ThreadPool]: Using postgres connection "list_atv4"
[0m21:25:46.821413 [debug] [ThreadPool]: On list_atv4: /* {"app": "dbt", "dbt_version": "1.9.0", "profile_name": "atv4", "target_name": "dev", "connection_name": "list_atv4"} */

    select distinct nspname from pg_namespace
  
[0m21:25:46.823030 [debug] [ThreadPool]: Opening a new connection, currently in state init
[0m21:25:46.833050 [debug] [ThreadPool]: SQL status: SELECT 7 in 0.010 seconds
[0m21:25:46.835586 [debug] [ThreadPool]: On list_atv4: Close
[0m21:25:46.838515 [debug] [ThreadPool]: Re-using an available connection from the pool (formerly list_atv4, now list_atv4_delivery_atv4)
[0m21:25:46.845583 [debug] [ThreadPool]: Using postgres connection "list_atv4_delivery_atv4"
[0m21:25:46.847362 [debug] [ThreadPool]: On list_atv4_delivery_atv4: BEGIN
[0m21:25:46.848745 [debug] [ThreadPool]: Opening a new connection, currently in state closed
[0m21:25:46.855213 [debug] [ThreadPool]: SQL status: BEGIN in 0.006 seconds
[0m21:25:46.856390 [debug] [ThreadPool]: Using postgres connection "list_atv4_delivery_atv4"
[0m21:25:46.857532 [debug] [ThreadPool]: On list_atv4_delivery_atv4: /* {"app": "dbt", "dbt_version": "1.9.0", "profile_name": "atv4", "target_name": "dev", "connection_name": "list_atv4_delivery_atv4"} */
select
      'atv4' as database,
      tablename as name,
      schemaname as schema,
      'table' as type
    from pg_tables
    where schemaname ilike 'delivery_atv4'
    union all
    select
      'atv4' as database,
      viewname as name,
      schemaname as schema,
      'view' as type
    from pg_views
    where schemaname ilike 'delivery_atv4'
    union all
    select
      'atv4' as database,
      matviewname as name,
      schemaname as schema,
      'materialized_view' as type
    from pg_matviews
    where schemaname ilike 'delivery_atv4'
  
[0m21:25:46.860966 [debug] [ThreadPool]: SQL status: SELECT 2 in 0.002 seconds
[0m21:25:46.862885 [debug] [ThreadPool]: On list_atv4_delivery_atv4: ROLLBACK
[0m21:25:46.864161 [debug] [ThreadPool]: On list_atv4_delivery_atv4: Close
[0m21:25:46.869165 [debug] [MainThread]: Using postgres connection "master"
[0m21:25:46.870412 [debug] [MainThread]: On master: BEGIN
[0m21:25:46.871282 [debug] [MainThread]: Opening a new connection, currently in state init
[0m21:25:46.877481 [debug] [MainThread]: SQL status: BEGIN in 0.006 seconds
[0m21:25:46.878642 [debug] [MainThread]: Using postgres connection "master"
[0m21:25:46.879750 [debug] [MainThread]: On master: /* {"app": "dbt", "dbt_version": "1.9.0", "profile_name": "atv4", "target_name": "dev", "connection_name": "master"} */
with relation as (
        select
            pg_rewrite.ev_class as class,
            pg_rewrite.oid as id
        from pg_rewrite
    ),
    class as (
        select
            oid as id,
            relname as name,
            relnamespace as schema,
            relkind as kind
        from pg_class
    ),
    dependency as (
        select distinct
            pg_depend.objid as id,
            pg_depend.refobjid as ref
        from pg_depend
    ),
    schema as (
        select
            pg_namespace.oid as id,
            pg_namespace.nspname as name
        from pg_namespace
        where nspname != 'information_schema' and nspname not like 'pg\_%'
    ),
    referenced as (
        select
            relation.id AS id,
            referenced_class.name ,
            referenced_class.schema ,
            referenced_class.kind
        from relation
        join class as referenced_class on relation.class=referenced_class.id
        where referenced_class.kind in ('r', 'v', 'm')
    ),
    relationships as (
        select
            referenced.name as referenced_name,
            referenced.schema as referenced_schema_id,
            dependent_class.name as dependent_name,
            dependent_class.schema as dependent_schema_id,
            referenced.kind as kind
        from referenced
        join dependency on referenced.id=dependency.id
        join class as dependent_class on dependency.ref=dependent_class.id
        where
            (referenced.name != dependent_class.name or
             referenced.schema != dependent_class.schema)
    )

    select
        referenced_schema.name as referenced_schema,
        relationships.referenced_name as referenced_name,
        dependent_schema.name as dependent_schema,
        relationships.dependent_name as dependent_name
    from relationships
    join schema as dependent_schema on relationships.dependent_schema_id=dependent_schema.id
    join schema as referenced_schema on relationships.referenced_schema_id=referenced_schema.id
    group by referenced_schema, referenced_name, dependent_schema, dependent_name
    order by referenced_schema, referenced_name, dependent_schema, dependent_name;
[0m21:25:46.883973 [debug] [MainThread]: SQL status: SELECT 2 in 0.003 seconds
[0m21:25:46.886235 [debug] [MainThread]: Sending event: {'category': 'dbt', 'action': 'runnable_timing', 'label': '21022f8a-670c-49d8-97b7-8d3934650d6a', 'context': [<snowplow_tracker.self_describing_json.SelfDescribingJson object at 0x7f883662ce30>]}
[0m21:25:46.887553 [debug] [MainThread]: On master: ROLLBACK
[0m21:25:46.888602 [debug] [MainThread]: Using postgres connection "master"
[0m21:25:46.889394 [debug] [MainThread]: On master: BEGIN
[0m21:25:46.890847 [debug] [MainThread]: SQL status: BEGIN in 0.000 seconds
[0m21:25:46.892108 [debug] [MainThread]: On master: COMMIT
[0m21:25:46.892964 [debug] [MainThread]: Using postgres connection "master"
[0m21:25:46.893690 [debug] [MainThread]: On master: COMMIT
[0m21:25:46.894612 [debug] [MainThread]: SQL status: COMMIT in 0.000 seconds
[0m21:25:46.895345 [debug] [MainThread]: On master: Close
[0m21:25:46.898484 [debug] [Thread-1 (]: Began running node model.atv4.stg_bancos
[0m21:25:46.898913 [debug] [Thread-2 (]: Began running node model.atv4.stg_complains
[0m21:25:46.899274 [debug] [Thread-3 (]: Began running node model.atv4.stg_empregados
[0m21:25:46.900185 [info ] [Thread-1 (]: 1 of 4 START sql view model delivery_atv4.stg_bancos ........................... [RUN]
[0m21:25:46.901393 [info ] [Thread-2 (]: 2 of 4 START sql view model delivery_atv4.stg_complains ........................ [RUN]
[0m21:25:46.903196 [info ] [Thread-3 (]: 3 of 4 START sql view model delivery_atv4.stg_empregados ....................... [RUN]
[0m21:25:46.904423 [debug] [Thread-1 (]: Re-using an available connection from the pool (formerly list_atv4_delivery_atv4, now model.atv4.stg_bancos)
[0m21:25:46.905658 [debug] [Thread-2 (]: Acquiring new postgres connection 'model.atv4.stg_complains'
[0m21:25:46.906748 [debug] [Thread-3 (]: Acquiring new postgres connection 'model.atv4.stg_empregados'
[0m21:25:46.908128 [debug] [Thread-1 (]: Began compiling node model.atv4.stg_bancos
[0m21:25:46.909264 [debug] [Thread-2 (]: Began compiling node model.atv4.stg_complains
[0m21:25:46.910189 [debug] [Thread-3 (]: Began compiling node model.atv4.stg_empregados
[0m21:25:46.918496 [debug] [Thread-1 (]: Writing injected SQL for node "model.atv4.stg_bancos"
[0m21:25:46.922194 [debug] [Thread-2 (]: Writing injected SQL for node "model.atv4.stg_complains"
[0m21:25:46.926410 [debug] [Thread-3 (]: Writing injected SQL for node "model.atv4.stg_empregados"
[0m21:25:46.931844 [debug] [Thread-1 (]: Began executing node model.atv4.stg_bancos
[0m21:25:46.932916 [debug] [Thread-2 (]: Began executing node model.atv4.stg_complains
[0m21:25:46.933594 [debug] [Thread-3 (]: Began executing node model.atv4.stg_empregados
[0m21:25:46.970019 [debug] [Thread-2 (]: Writing runtime sql for node "model.atv4.stg_complains"
[0m21:25:46.972074 [debug] [Thread-1 (]: Writing runtime sql for node "model.atv4.stg_bancos"
[0m21:25:46.975228 [debug] [Thread-3 (]: Writing runtime sql for node "model.atv4.stg_empregados"
[0m21:25:46.980003 [debug] [Thread-2 (]: Using postgres connection "model.atv4.stg_complains"
[0m21:25:46.980549 [debug] [Thread-1 (]: Using postgres connection "model.atv4.stg_bancos"
[0m21:25:46.981221 [debug] [Thread-3 (]: Using postgres connection "model.atv4.stg_empregados"
[0m21:25:46.981600 [debug] [Thread-2 (]: On model.atv4.stg_complains: BEGIN
[0m21:25:46.982603 [debug] [Thread-1 (]: On model.atv4.stg_bancos: BEGIN
[0m21:25:46.983495 [debug] [Thread-3 (]: On model.atv4.stg_empregados: BEGIN
[0m21:25:46.984618 [debug] [Thread-2 (]: Opening a new connection, currently in state init
[0m21:25:46.986269 [debug] [Thread-1 (]: Opening a new connection, currently in state closed
[0m21:25:46.987674 [debug] [Thread-3 (]: Opening a new connection, currently in state init
[0m21:25:46.993885 [debug] [Thread-2 (]: SQL status: BEGIN in 0.009 seconds
[0m21:25:46.994672 [debug] [Thread-1 (]: SQL status: BEGIN in 0.008 seconds
[0m21:25:46.995381 [debug] [Thread-3 (]: SQL status: BEGIN in 0.008 seconds
[0m21:25:46.996073 [debug] [Thread-2 (]: Using postgres connection "model.atv4.stg_complains"
[0m21:25:46.997467 [debug] [Thread-1 (]: Using postgres connection "model.atv4.stg_bancos"
[0m21:25:46.998657 [debug] [Thread-3 (]: Using postgres connection "model.atv4.stg_empregados"
[0m21:25:46.999888 [debug] [Thread-2 (]: On model.atv4.stg_complains: /* {"app": "dbt", "dbt_version": "1.9.0", "profile_name": "atv4", "target_name": "dev", "node_id": "model.atv4.stg_complains"} */

  create view "atv4"."delivery_atv4"."stg_complains__dbt_tmp"
    
    
  as (
    select
    ano,
    cast(trimestre as int) as trimestre,
    categoria,
    tipo,
    cnpj_base,
    instituicao_financeira,
    indice,
    qtd_recl_reguladas_procedentes,
    qtd_recl_reguladas_outras,
    qtd_recl_nao_reguladas,
    qtd_recl_total,
    qtd_clientes_ccs_scr,
    qtd_clientes_ccs,
    qtd_clientes_scr,
    
trim(regexp_replace(
  regexp_replace(
    regexp_replace(
      regexp_replace(upper(instituicao_financeira), '\s*[-–]\s*PRUDENCIAL$', '', 'g'),
      '\s*\(CONGLOMERADO\)$', '', 'g'),
    '[^A-Z0-9 ]', '', 'g'),
  '\s+', ' ', 'g'))
 as chave_nome
from "atv4"."trusted_atv4"."complaints"
  );
[0m21:25:47.002455 [debug] [Thread-1 (]: On model.atv4.stg_bancos: /* {"app": "dbt", "dbt_version": "1.9.0", "profile_name": "atv4", "target_name": "dev", "node_id": "model.atv4.stg_bancos"} */

  create view "atv4"."delivery_atv4"."stg_bancos__dbt_tmp"
    
    
  as (
    select
    segmento,
    cnpj_base,
    nome_instituicao,
    tipo_registro,
    
trim(regexp_replace(
  regexp_replace(
    regexp_replace(
      regexp_replace(upper(nome_instituicao), '\s*[-–]\s*PRUDENCIAL$', '', 'g'),
      '\s*\(CONGLOMERADO\)$', '', 'g'),
    '[^A-Z0-9 ]', '', 'g'),
  '\s+', ' ', 'g'))
 as chave_nome
from "atv4"."trusted_atv4"."bancos"
  );
[0m21:25:47.003943 [debug] [Thread-3 (]: On model.atv4.stg_empregados: /* {"app": "dbt", "dbt_version": "1.9.0", "profile_name": "atv4", "target_name": "dev", "node_id": "model.atv4.stg_empregados"} */

  create view "atv4"."delivery_atv4"."stg_empregados__dbt_tmp"
    
    
  as (
    with base as (
    select
        employer_name,
        nome_instituicao,
        segmento,
        nota_geral,
        nota_cultura_valores,
        nota_qualidade_vida,
        nota_remuneracao_beneficios,
        pct_recomendam,
        match_percent,
        
trim(regexp_replace(
  regexp_replace(
    regexp_replace(
      regexp_replace(upper(nome_instituicao), '\s*[-–]\s*PRUDENCIAL$', '', 'g'),
      '\s*\(CONGLOMERADO\)$', '', 'g'),
    '[^A-Z0-9 ]', '', 'g'),
  '\s+', ' ', 'g'))
 as chave_nome,
        row_number() over (partition by 
trim(regexp_replace(
  regexp_replace(
    regexp_replace(
      regexp_replace(upper(nome_instituicao), '\s*[-–]\s*PRUDENCIAL$', '', 'g'),
      '\s*\(CONGLOMERADO\)$', '', 'g'),
    '[^A-Z0-9 ]', '', 'g'),
  '\s+', ' ', 'g'))

                           order by match_percent desc, employer_name) as rn
    from "atv4"."trusted_atv4"."employer_segments"
)
select
    employer_name,
    nome_instituicao,
    segmento,
    nota_geral,
    nota_cultura_valores,
    nota_qualidade_vida,
    nota_remuneracao_beneficios,
    pct_recomendam,
    match_percent,
    chave_nome
from base
where rn = 1
  );
[0m21:25:47.006845 [debug] [Thread-2 (]: SQL status: CREATE VIEW in 0.002 seconds
[0m21:25:47.007340 [debug] [Thread-1 (]: SQL status: CREATE VIEW in 0.001 seconds
[0m21:25:47.013657 [debug] [Thread-3 (]: SQL status: CREATE VIEW in 0.007 seconds
[0m21:25:47.014090 [debug] [Thread-2 (]: Using postgres connection "model.atv4.stg_complains"
[0m21:25:47.017650 [debug] [Thread-1 (]: Using postgres connection "model.atv4.stg_bancos"
[0m21:25:47.021491 [debug] [Thread-3 (]: Using postgres connection "model.atv4.stg_empregados"
[0m21:25:47.022915 [debug] [Thread-2 (]: On model.atv4.stg_complains: /* {"app": "dbt", "dbt_version": "1.9.0", "profile_name": "atv4", "target_name": "dev", "node_id": "model.atv4.stg_complains"} */
alter table "atv4"."delivery_atv4"."stg_complains" rename to "stg_complains__dbt_backup"
[0m21:25:47.024236 [debug] [Thread-1 (]: On model.atv4.stg_bancos: /* {"app": "dbt", "dbt_version": "1.9.0", "profile_name": "atv4", "target_name": "dev", "node_id": "model.atv4.stg_bancos"} */
alter table "atv4"."delivery_atv4"."stg_bancos" rename to "stg_bancos__dbt_backup"
[0m21:25:47.025452 [debug] [Thread-3 (]: On model.atv4.stg_empregados: /* {"app": "dbt", "dbt_version": "1.9.0", "profile_name": "atv4", "target_name": "dev", "node_id": "model.atv4.stg_empregados"} */
alter table "atv4"."delivery_atv4"."stg_empregados__dbt_tmp" rename to "stg_empregados"
[0m21:25:47.027150 [debug] [Thread-2 (]: SQL status: ALTER TABLE in 0.000 seconds
[0m21:25:47.027968 [debug] [Thread-1 (]: SQL status: ALTER TABLE in 0.000 seconds
[0m21:25:47.032635 [debug] [Thread-2 (]: Using postgres connection "model.atv4.stg_complains"
[0m21:25:47.033097 [debug] [Thread-3 (]: SQL status: ALTER TABLE in 0.005 seconds
[0m21:25:47.036098 [debug] [Thread-1 (]: Using postgres connection "model.atv4.stg_bancos"
[0m21:25:47.037361 [debug] [Thread-2 (]: On model.atv4.stg_complains: /* {"app": "dbt", "dbt_version": "1.9.0", "profile_name": "atv4", "target_name": "dev", "node_id": "model.atv4.stg_complains"} */
alter table "atv4"."delivery_atv4"."stg_complains__dbt_tmp" rename to "stg_complains"
[0m21:25:47.052401 [debug] [Thread-3 (]: On model.atv4.stg_empregados: COMMIT
[0m21:25:47.053774 [debug] [Thread-1 (]: On model.atv4.stg_bancos: /* {"app": "dbt", "dbt_version": "1.9.0", "profile_name": "atv4", "target_name": "dev", "node_id": "model.atv4.stg_bancos"} */
alter table "atv4"."delivery_atv4"."stg_bancos__dbt_tmp" rename to "stg_bancos"
[0m21:25:47.055576 [debug] [Thread-2 (]: SQL status: ALTER TABLE in 0.001 seconds
[0m21:25:47.055999 [debug] [Thread-3 (]: Using postgres connection "model.atv4.stg_empregados"
[0m21:25:47.057677 [debug] [Thread-1 (]: SQL status: ALTER TABLE in 0.001 seconds
[0m21:25:47.060851 [debug] [Thread-2 (]: On model.atv4.stg_complains: COMMIT
[0m21:25:47.062083 [debug] [Thread-3 (]: On model.atv4.stg_empregados: COMMIT
[0m21:25:47.064355 [debug] [Thread-1 (]: On model.atv4.stg_bancos: COMMIT
[0m21:25:47.065555 [debug] [Thread-2 (]: Using postgres connection "model.atv4.stg_complains"
[0m21:25:47.067219 [debug] [Thread-1 (]: Using postgres connection "model.atv4.stg_bancos"
[0m21:25:47.067757 [debug] [Thread-3 (]: SQL status: COMMIT in 0.001 seconds
[0m21:25:47.068631 [debug] [Thread-2 (]: On model.atv4.stg_complains: COMMIT
[0m21:25:47.070028 [debug] [Thread-1 (]: On model.atv4.stg_bancos: COMMIT
[0m21:25:47.076187 [debug] [Thread-3 (]: Applying DROP to: "atv4"."delivery_atv4"."stg_empregados__dbt_backup"
[0m21:25:47.078272 [debug] [Thread-2 (]: SQL status: COMMIT in 0.001 seconds
[0m21:25:47.078777 [debug] [Thread-1 (]: SQL status: COMMIT in 0.001 seconds
[0m21:25:47.083734 [debug] [Thread-3 (]: Using postgres connection "model.atv4.stg_empregados"
[0m21:25:47.086575 [debug] [Thread-2 (]: Applying DROP to: "atv4"."delivery_atv4"."stg_complains__dbt_backup"
[0m21:25:47.089545 [debug] [Thread-1 (]: Applying DROP to: "atv4"."delivery_atv4"."stg_bancos__dbt_backup"
[0m21:25:47.090925 [debug] [Thread-3 (]: On model.atv4.stg_empregados: /* {"app": "dbt", "dbt_version": "1.9.0", "profile_name": "atv4", "target_name": "dev", "node_id": "model.atv4.stg_empregados"} */
drop view if exists "atv4"."delivery_atv4"."stg_empregados__dbt_backup" cascade
[0m21:25:47.092295 [debug] [Thread-2 (]: Using postgres connection "model.atv4.stg_complains"
[0m21:25:47.093554 [debug] [Thread-1 (]: Using postgres connection "model.atv4.stg_bancos"
[0m21:25:47.094906 [debug] [Thread-3 (]: SQL status: DROP VIEW in 0.000 seconds
[0m21:25:47.095240 [debug] [Thread-2 (]: On model.atv4.stg_complains: /* {"app": "dbt", "dbt_version": "1.9.0", "profile_name": "atv4", "target_name": "dev", "node_id": "model.atv4.stg_complains"} */
drop view if exists "atv4"."delivery_atv4"."stg_complains__dbt_backup" cascade
[0m21:25:47.096340 [debug] [Thread-1 (]: On model.atv4.stg_bancos: /* {"app": "dbt", "dbt_version": "1.9.0", "profile_name": "atv4", "target_name": "dev", "node_id": "model.atv4.stg_bancos"} */
drop view if exists "atv4"."delivery_atv4"."stg_bancos__dbt_backup" cascade
[0m21:25:47.099327 [debug] [Thread-3 (]: On model.atv4.stg_empregados: Close
[0m21:25:47.103193 [debug] [Thread-2 (]: SQL status: DROP VIEW in 0.003 seconds
[0m21:25:47.103634 [debug] [Thread-1 (]: SQL status: DROP VIEW in 0.003 seconds
[0m21:25:47.104161 [debug] [Thread-3 (]: Sending event: {'category': 'dbt', 'action': 'run_model', 'label': '21022f8a-670c-49d8-97b7-8d3934650d6a', 'context': [<snowplow_tracker.self_describing_json.SelfDescribingJson object at 0x7f883bb62cc0>]}
[0m21:25:47.105746 [debug] [Thread-2 (]: On model.atv4.stg_complains: Close
[0m21:25:47.107552 [debug] [Thread-1 (]: On model.atv4.stg_bancos: Close
[0m21:25:47.109319 [info ] [Thread-3 (]: 3 of 4 OK created sql view model delivery_atv4.stg_empregados .................. [[32mCREATE VIEW[0m in 0.20s]
[0m21:25:47.111204 [debug] [Thread-2 (]: Sending event: {'category': 'dbt', 'action': 'run_model', 'label': '21022f8a-670c-49d8-97b7-8d3934650d6a', 'context': [<snowplow_tracker.self_describing_json.SelfDescribingJson object at 0x7f88359ee5d0>]}
[0m21:25:47.112471 [debug] [Thread-1 (]: Sending event: {'category': 'dbt', 'action': 'run_model', 'label': '21022f8a-670c-49d8-97b7-8d3934650d6a', 'context': [<snowplow_tracker.self_describing_json.SelfDescribingJson object at 0x7f8836656810>]}
[0m21:25:47.113705 [debug] [Thread-3 (]: Finished running node model.atv4.stg_empregados
[0m21:25:47.115246 [info ] [Thread-2 (]: 2 of 4 OK created sql view model delivery_atv4.stg_complains ................... [[32mCREATE VIEW[0m in 0.21s]
[0m21:25:47.116962 [info ] [Thread-1 (]: 1 of 4 OK created sql view model delivery_atv4.stg_bancos ...................... [[32mCREATE VIEW[0m in 0.21s]
[0m21:25:47.119200 [debug] [Thread-2 (]: Finished running node model.atv4.stg_complains
[0m21:25:47.120680 [debug] [Thread-1 (]: Finished running node model.atv4.stg_bancos
[0m21:25:47.122975 [debug] [Thread-4 (]: Began running node model.atv4.delivery_reclamacoes_satisfacao
[0m21:25:47.124818 [info ] [Thread-4 (]: 4 of 4 START sql table model delivery_atv4.delivery_reclamacoes_satisfacao ..... [RUN]
[0m21:25:47.127158 [debug] [Thread-4 (]: Acquiring new postgres connection 'model.atv4.delivery_reclamacoes_satisfacao'
[0m21:25:47.128572 [debug] [Thread-4 (]: Began compiling node model.atv4.delivery_reclamacoes_satisfacao
[0m21:25:47.135088 [debug] [Thread-4 (]: Writing injected SQL for node "model.atv4.delivery_reclamacoes_satisfacao"
[0m21:25:47.144612 [debug] [Thread-4 (]: Began executing node model.atv4.delivery_reclamacoes_satisfacao
[0m21:25:47.165803 [debug] [Thread-4 (]: Writing runtime sql for node "model.atv4.delivery_reclamacoes_satisfacao"
[0m21:25:47.175058 [debug] [Thread-4 (]: Using postgres connection "model.atv4.delivery_reclamacoes_satisfacao"
[0m21:25:47.176281 [debug] [Thread-4 (]: On model.atv4.delivery_reclamacoes_satisfacao: BEGIN
[0m21:25:47.177243 [debug] [Thread-4 (]: Opening a new connection, currently in state init
[0m21:25:47.183067 [debug] [Thread-4 (]: SQL status: BEGIN in 0.006 seconds
[0m21:25:47.184155 [debug] [Thread-4 (]: Using postgres connection "model.atv4.delivery_reclamacoes_satisfacao"
[0m21:25:47.185089 [debug] [Thread-4 (]: On model.atv4.delivery_reclamacoes_satisfacao: /* {"app": "dbt", "dbt_version": "1.9.0", "profile_name": "atv4", "target_name": "dev", "node_id": "model.atv4.delivery_reclamacoes_satisfacao"} */

  
    

  create  table "atv4"."delivery_atv4"."delivery_reclamacoes_satisfacao__dbt_tmp"
  
  
    as
  
  (
    

select
    c.ano,
    c.trimestre,
    c.categoria,
    c.tipo,
    c.instituicao_financeira,
    b.segmento,
    b.cnpj_base,
    c.indice,
    c.qtd_recl_total,
    c.qtd_recl_reguladas_procedentes,
    c.qtd_clientes_ccs_scr,
    e.employer_name,
    e.nota_geral,
    e.nota_qualidade_vida,
    e.nota_remuneracao_beneficios,
    e.pct_recomendam,
    e.match_percent
from "atv4"."delivery_atv4"."stg_complains" c
left join "atv4"."delivery_atv4"."stg_empregados" e on c.chave_nome = e.chave_nome
left join "atv4"."delivery_atv4"."stg_bancos"     b on c.chave_nome = b.chave_nome
                                       and b.tipo_registro = 'INSTITUICAO'
  );
  
[0m21:25:47.221845 [debug] [Thread-4 (]: SQL status: SELECT 918 in 0.036 seconds
[0m21:25:47.225721 [debug] [Thread-4 (]: Using postgres connection "model.atv4.delivery_reclamacoes_satisfacao"
[0m21:25:47.227298 [debug] [Thread-4 (]: On model.atv4.delivery_reclamacoes_satisfacao: /* {"app": "dbt", "dbt_version": "1.9.0", "profile_name": "atv4", "target_name": "dev", "node_id": "model.atv4.delivery_reclamacoes_satisfacao"} */
alter table "atv4"."delivery_atv4"."delivery_reclamacoes_satisfacao__dbt_tmp" rename to "delivery_reclamacoes_satisfacao"
[0m21:25:47.229214 [debug] [Thread-4 (]: SQL status: ALTER TABLE in 0.000 seconds
[0m21:25:47.234684 [debug] [Thread-4 (]: On model.atv4.delivery_reclamacoes_satisfacao: COMMIT
[0m21:25:47.236523 [debug] [Thread-4 (]: Using postgres connection "model.atv4.delivery_reclamacoes_satisfacao"
[0m21:25:47.237741 [debug] [Thread-4 (]: On model.atv4.delivery_reclamacoes_satisfacao: COMMIT
[0m21:25:47.241365 [debug] [Thread-4 (]: SQL status: COMMIT in 0.002 seconds
[0m21:25:47.244240 [debug] [Thread-4 (]: Applying DROP to: "atv4"."delivery_atv4"."delivery_reclamacoes_satisfacao__dbt_backup"
[0m21:25:47.248085 [debug] [Thread-4 (]: Using postgres connection "model.atv4.delivery_reclamacoes_satisfacao"
[0m21:25:47.249209 [debug] [Thread-4 (]: On model.atv4.delivery_reclamacoes_satisfacao: /* {"app": "dbt", "dbt_version": "1.9.0", "profile_name": "atv4", "target_name": "dev", "node_id": "model.atv4.delivery_reclamacoes_satisfacao"} */
drop table if exists "atv4"."delivery_atv4"."delivery_reclamacoes_satisfacao__dbt_backup" cascade
[0m21:25:47.250958 [debug] [Thread-4 (]: SQL status: DROP TABLE in 0.000 seconds
[0m21:25:47.253924 [debug] [Thread-4 (]: On model.atv4.delivery_reclamacoes_satisfacao: Close
[0m21:25:47.255827 [debug] [Thread-4 (]: Sending event: {'category': 'dbt', 'action': 'run_model', 'label': '21022f8a-670c-49d8-97b7-8d3934650d6a', 'context': [<snowplow_tracker.self_describing_json.SelfDescribingJson object at 0x7f88383b16d0>]}
[0m21:25:47.257571 [info ] [Thread-4 (]: 4 of 4 OK created sql table model delivery_atv4.delivery_reclamacoes_satisfacao  [[32mSELECT 918[0m in 0.13s]
[0m21:25:47.259611 [debug] [Thread-4 (]: Finished running node model.atv4.delivery_reclamacoes_satisfacao
[0m21:25:47.262140 [debug] [MainThread]: Using postgres connection "master"
[0m21:25:47.263160 [debug] [MainThread]: On master: BEGIN
[0m21:25:47.264289 [debug] [MainThread]: Opening a new connection, currently in state closed
[0m21:25:47.271802 [debug] [MainThread]: SQL status: BEGIN in 0.007 seconds
[0m21:25:47.273002 [debug] [MainThread]: On master: COMMIT
[0m21:25:47.274207 [debug] [MainThread]: Using postgres connection "master"
[0m21:25:47.275622 [debug] [MainThread]: On master: COMMIT
[0m21:25:47.276901 [debug] [MainThread]: SQL status: COMMIT in 0.000 seconds
[0m21:25:47.277831 [debug] [MainThread]: On master: Close
[0m21:25:47.278869 [debug] [MainThread]: Connection 'master' was properly closed.
[0m21:25:47.280039 [debug] [MainThread]: Connection 'model.atv4.stg_bancos' was properly closed.
[0m21:25:47.281219 [debug] [MainThread]: Connection 'model.atv4.stg_complains' was properly closed.
[0m21:25:47.282457 [debug] [MainThread]: Connection 'model.atv4.stg_empregados' was properly closed.
[0m21:25:47.283316 [debug] [MainThread]: Connection 'model.atv4.delivery_reclamacoes_satisfacao' was properly closed.
[0m21:25:47.284547 [info ] [MainThread]: 
[0m21:25:47.286221 [info ] [MainThread]: Finished running 1 table model, 3 view models in 0 hours 0 minutes and 0.53 seconds (0.53s).
[0m21:25:47.289271 [debug] [MainThread]: Command end result
[0m21:25:47.339925 [debug] [MainThread]: Wrote artifact WritableManifest to /usr/app/dbt_atv4_project/target/manifest.json
[0m21:25:47.344938 [debug] [MainThread]: Wrote artifact SemanticManifest to /usr/app/dbt_atv4_project/target/semantic_manifest.json
[0m21:25:47.355093 [debug] [MainThread]: Wrote artifact RunExecutionResult to /usr/app/dbt_atv4_project/target/run_results.json
[0m21:25:47.356266 [info ] [MainThread]: 
[0m21:25:47.357813 [info ] [MainThread]: [32mCompleted successfully[0m
[0m21:25:47.359560 [info ] [MainThread]: 
[0m21:25:47.361041 [info ] [MainThread]: Done. PASS=4 WARN=0 ERROR=0 SKIP=0 TOTAL=4
[0m21:25:47.363514 [debug] [MainThread]: Resource report: {"command_name": "run", "command_success": true, "command_wall_clock_time": 1.697409, "process_in_blocks": "841", "process_kernel_time": 0.296909, "process_mem_max_rss": "114156", "process_out_blocks": "1600", "process_user_time": 2.314269}
[0m21:25:47.365572 [debug] [MainThread]: Command `dbt run` succeeded at 21:25:47.365368 after 1.70 seconds
[0m21:25:47.366855 [debug] [MainThread]: Sending event: {'category': 'dbt', 'action': 'invocation', 'label': 'end', 'context': [<snowplow_tracker.self_describing_json.SelfDescribingJson object at 0x7f8839ffac30>, <snowplow_tracker.self_describing_json.SelfDescribingJson object at 0x7f88381f4320>, <snowplow_tracker.self_describing_json.SelfDescribingJson object at 0x7f8839c6c290>]}
[0m21:25:47.367943 [debug] [MainThread]: Flushing usage events
[0m21:25:47.985379 [debug] [MainThread]: An error was encountered while trying to flush usage events
[0m21:27:40.512886 [debug] [MainThread]: Sending event: {'category': 'dbt', 'action': 'invocation', 'label': 'start', 'context': [<snowplow_tracker.self_describing_json.SelfDescribingJson object at 0x788838935190>, <snowplow_tracker.self_describing_json.SelfDescribingJson object at 0x788838d46ae0>, <snowplow_tracker.self_describing_json.SelfDescribingJson object at 0x788838935ee0>]}


============================== 21:27:40.520563 | 927d1b5e-fa25-4585-be2a-d82d91fdd025 ==============================
[0m21:27:40.520563 [info ] [MainThread]: Running with dbt=1.9.0
[0m21:27:40.522062 [debug] [MainThread]: running dbt with arguments {'printer_width': '80', 'indirect_selection': 'eager', 'write_json': 'True', 'log_cache_events': 'False', 'partial_parse': 'True', 'cache_selected_only': 'False', 'profiles_dir': '/root/.dbt', 'fail_fast': 'False', 'warn_error': 'None', 'log_path': '/usr/app/dbt_atv4_project/logs', 'debug': 'False', 'version_check': 'True', 'use_colors': 'True', 'use_experimental_parser': 'False', 'no_print': 'None', 'quiet': 'False', 'empty': 'None', 'warn_error_options': 'WarnErrorOptions(include=[], exclude=[])', 'invocation_command': "dbt show --inline select count(*) as total, count(nota_geral) as com_nota from {{ ref('delivery_reclamacoes_satisfacao') }}", 'static_parser': 'True', 'log_format': 'default', 'target_path': 'None', 'introspect': 'True', 'send_anonymous_usage_stats': 'True'}
[0m21:27:40.747681 [debug] [MainThread]: Sending event: {'category': 'dbt', 'action': 'project_id', 'label': '927d1b5e-fa25-4585-be2a-d82d91fdd025', 'context': [<snowplow_tracker.self_describing_json.SelfDescribingJson object at 0x788838335c70>]}
[0m21:27:40.807507 [debug] [MainThread]: Sending event: {'category': 'dbt', 'action': 'adapter_info', 'label': '927d1b5e-fa25-4585-be2a-d82d91fdd025', 'context': [<snowplow_tracker.self_describing_json.SelfDescribingJson object at 0x7888389e2960>]}
[0m21:27:40.832559 [info ] [MainThread]: Registered adapter: postgres=1.9.0
[0m21:27:40.897558 [debug] [MainThread]: checksum: c99e828bba267739642b5a3ce85f17518764ea526e0e6c4fdc649171c1a66bff, vars: {}, profile: , target: , version: 1.9.0
[0m21:27:41.062528 [debug] [MainThread]: Partial parsing enabled: 0 files deleted, 0 files added, 0 files changed.
[0m21:27:41.063923 [debug] [MainThread]: Partial parsing enabled, no changes found, skipping parsing
[0m21:27:41.093998 [debug] [MainThread]: Sending event: {'category': 'dbt', 'action': 'load_project', 'label': '927d1b5e-fa25-4585-be2a-d82d91fdd025', 'context': [<snowplow_tracker.self_describing_json.SelfDescribingJson object at 0x788836a84cb0>]}
[0m21:27:41.178157 [debug] [MainThread]: Wrote artifact WritableManifest to /usr/app/dbt_atv4_project/target/manifest.json
[0m21:27:41.183277 [debug] [MainThread]: Wrote artifact SemanticManifest to /usr/app/dbt_atv4_project/target/semantic_manifest.json
[0m21:27:41.329335 [debug] [MainThread]: Sending event: {'category': 'dbt', 'action': 'resource_counts', 'label': '927d1b5e-fa25-4585-be2a-d82d91fdd025', 'context': [<snowplow_tracker.self_describing_json.SelfDescribingJson object at 0x78883645f7a0>]}
[0m21:27:41.331023 [info ] [MainThread]: Found 4 models, 1 sql operation, 4 sources, 431 macros
[0m21:27:41.332457 [debug] [MainThread]: Sending event: {'category': 'dbt', 'action': 'runnable_timing', 'label': '927d1b5e-fa25-4585-be2a-d82d91fdd025', 'context': [<snowplow_tracker.self_describing_json.SelfDescribingJson object at 0x788836a86bd0>]}
[0m21:27:41.335703 [info ] [MainThread]: 
[0m21:27:41.337341 [info ] [MainThread]: Concurrency: 4 threads (target='dev')
[0m21:27:41.339006 [info ] [MainThread]: 
[0m21:27:41.341385 [debug] [MainThread]: Acquiring new postgres connection 'master'
[0m21:27:41.346601 [debug] [ThreadPool]: Acquiring new postgres connection 'list_atv4_delivery_atv4'
[0m21:27:41.384711 [debug] [ThreadPool]: Using postgres connection "list_atv4_delivery_atv4"
[0m21:27:41.386768 [debug] [ThreadPool]: On list_atv4_delivery_atv4: BEGIN
[0m21:27:41.388381 [debug] [ThreadPool]: Opening a new connection, currently in state init
[0m21:27:41.396391 [debug] [ThreadPool]: SQL status: BEGIN in 0.008 seconds
[0m21:27:41.398496 [debug] [ThreadPool]: Using postgres connection "list_atv4_delivery_atv4"
[0m21:27:41.399695 [debug] [ThreadPool]: On list_atv4_delivery_atv4: /* {"app": "dbt", "dbt_version": "1.9.0", "profile_name": "atv4", "target_name": "dev", "connection_name": "list_atv4_delivery_atv4"} */
select
      'atv4' as database,
      tablename as name,
      schemaname as schema,
      'table' as type
    from pg_tables
    where schemaname ilike 'delivery_atv4'
    union all
    select
      'atv4' as database,
      viewname as name,
      schemaname as schema,
      'view' as type
    from pg_views
    where schemaname ilike 'delivery_atv4'
    union all
    select
      'atv4' as database,
      matviewname as name,
      schemaname as schema,
      'materialized_view' as type
    from pg_matviews
    where schemaname ilike 'delivery_atv4'
  
[0m21:27:41.403194 [debug] [ThreadPool]: SQL status: SELECT 4 in 0.002 seconds
[0m21:27:41.405692 [debug] [ThreadPool]: On list_atv4_delivery_atv4: ROLLBACK
[0m21:27:41.408098 [debug] [ThreadPool]: On list_atv4_delivery_atv4: Close
[0m21:27:41.415954 [debug] [MainThread]: Using postgres connection "master"
[0m21:27:41.418126 [debug] [MainThread]: On master: BEGIN
[0m21:27:41.419657 [debug] [MainThread]: Opening a new connection, currently in state init
[0m21:27:41.426431 [debug] [MainThread]: SQL status: BEGIN in 0.007 seconds
[0m21:27:41.428080 [debug] [MainThread]: Using postgres connection "master"
[0m21:27:41.429701 [debug] [MainThread]: On master: /* {"app": "dbt", "dbt_version": "1.9.0", "profile_name": "atv4", "target_name": "dev", "connection_name": "master"} */
with relation as (
        select
            pg_rewrite.ev_class as class,
            pg_rewrite.oid as id
        from pg_rewrite
    ),
    class as (
        select
            oid as id,
            relname as name,
            relnamespace as schema,
            relkind as kind
        from pg_class
    ),
    dependency as (
        select distinct
            pg_depend.objid as id,
            pg_depend.refobjid as ref
        from pg_depend
    ),
    schema as (
        select
            pg_namespace.oid as id,
            pg_namespace.nspname as name
        from pg_namespace
        where nspname != 'information_schema' and nspname not like 'pg\_%'
    ),
    referenced as (
        select
            relation.id AS id,
            referenced_class.name ,
            referenced_class.schema ,
            referenced_class.kind
        from relation
        join class as referenced_class on relation.class=referenced_class.id
        where referenced_class.kind in ('r', 'v', 'm')
    ),
    relationships as (
        select
            referenced.name as referenced_name,
            referenced.schema as referenced_schema_id,
            dependent_class.name as dependent_name,
            dependent_class.schema as dependent_schema_id,
            referenced.kind as kind
        from referenced
        join dependency on referenced.id=dependency.id
        join class as dependent_class on dependency.ref=dependent_class.id
        where
            (referenced.name != dependent_class.name or
             referenced.schema != dependent_class.schema)
    )

    select
        referenced_schema.name as referenced_schema,
        relationships.referenced_name as referenced_name,
        dependent_schema.name as dependent_schema,
        relationships.dependent_name as dependent_name
    from relationships
    join schema as dependent_schema on relationships.dependent_schema_id=dependent_schema.id
    join schema as referenced_schema on relationships.referenced_schema_id=referenced_schema.id
    group by referenced_schema, referenced_name, dependent_schema, dependent_name
    order by referenced_schema, referenced_name, dependent_schema, dependent_name;
[0m21:27:41.434307 [debug] [MainThread]: SQL status: SELECT 3 in 0.003 seconds
[0m21:27:41.437096 [debug] [MainThread]: Sending event: {'category': 'dbt', 'action': 'runnable_timing', 'label': '927d1b5e-fa25-4585-be2a-d82d91fdd025', 'context': [<snowplow_tracker.self_describing_json.SelfDescribingJson object at 0x7888364743e0>]}
[0m21:27:41.438606 [debug] [MainThread]: On master: ROLLBACK
[0m21:27:41.439998 [debug] [MainThread]: On master: Close
[0m21:27:41.443807 [debug] [Thread-1 (]: Began running node sql_operation.atv4.inline_query
[0m21:27:41.445546 [debug] [Thread-1 (]: Re-using an available connection from the pool (formerly list_atv4_delivery_atv4, now sql_operation.atv4.inline_query)
[0m21:27:41.447051 [debug] [Thread-1 (]: Began compiling node sql_operation.atv4.inline_query
[0m21:27:41.454027 [debug] [Thread-1 (]: Writing injected SQL for node "sql_operation.atv4.inline_query"
[0m21:27:41.478734 [debug] [Thread-1 (]: Began executing node sql_operation.atv4.inline_query
[0m21:27:41.492275 [debug] [Thread-1 (]: Using postgres connection "sql_operation.atv4.inline_query"
[0m21:27:41.494044 [debug] [Thread-1 (]: On sql_operation.atv4.inline_query: /* {"app": "dbt", "dbt_version": "1.9.0", "profile_name": "atv4", "target_name": "dev", "node_id": "sql_operation.atv4.inline_query"} */

  
  select count(*) as total, count(nota_geral) as com_nota from "atv4"."delivery_atv4"."delivery_reclamacoes_satisfacao"
  
  limit 5

[0m21:27:41.495712 [debug] [Thread-1 (]: Opening a new connection, currently in state closed
[0m21:27:41.505775 [debug] [Thread-1 (]: SQL status: SELECT 1 in 0.010 seconds
[0m21:27:41.510188 [debug] [Thread-1 (]: On sql_operation.atv4.inline_query: Close
[0m21:27:41.513582 [debug] [Thread-1 (]: Finished running node sql_operation.atv4.inline_query
[0m21:27:41.516935 [debug] [MainThread]: Connection 'master' was properly closed.
[0m21:27:41.519142 [debug] [MainThread]: Connection 'sql_operation.atv4.inline_query' was properly closed.
[0m21:27:41.521888 [debug] [MainThread]: Command end result
[0m21:27:41.567456 [debug] [MainThread]: Wrote artifact WritableManifest to /usr/app/dbt_atv4_project/target/manifest.json
[0m21:27:41.571397 [debug] [MainThread]: Wrote artifact SemanticManifest to /usr/app/dbt_atv4_project/target/semantic_manifest.json
[0m21:27:41.580076 [debug] [MainThread]: Wrote artifact RunExecutionResult to /usr/app/dbt_atv4_project/target/run_results.json
[0m21:27:41.581560 [info ] [MainThread]: Previewing inline node:
| total | com_nota |
| ----- | -------- |
|   918 |      119 |

[0m21:27:41.583688 [debug] [MainThread]: Resource report: {"command_name": "show", "command_success": true, "command_wall_clock_time": 1.1308247, "process_in_blocks": "873", "process_kernel_time": 0.26781, "process_mem_max_rss": "108820", "process_out_blocks": "1600", "process_user_time": 1.918645}
[0m21:27:41.585239 [debug] [MainThread]: Command `dbt show` succeeded at 21:27:41.585057 after 1.13 seconds
[0m21:27:41.586480 [debug] [MainThread]: Sending event: {'category': 'dbt', 'action': 'invocation', 'label': 'end', 'context': [<snowplow_tracker.self_describing_json.SelfDescribingJson object at 0x788838447ec0>, <snowplow_tracker.self_describing_json.SelfDescribingJson object at 0x78883a3e06e0>, <snowplow_tracker.self_describing_json.SelfDescribingJson object at 0x788839588440>]}
[0m21:27:41.587529 [debug] [MainThread]: Flushing usage events
[0m21:27:42.169011 [debug] [MainThread]: An error was encountered while trying to flush usage events
[0m21:54:15.814282 [debug] [MainThread]: Sending event: {'category': 'dbt', 'action': 'invocation', 'label': 'start', 'context': [<snowplow_tracker.self_describing_json.SelfDescribingJson object at 0x7cfe446804d0>, <snowplow_tracker.self_describing_json.SelfDescribingJson object at 0x7cfe44879280>, <snowplow_tracker.self_describing_json.SelfDescribingJson object at 0x7cfe44680530>]}


============================== 21:54:15.826453 | d2a67d33-298c-46cc-b42c-51a042dd7c9c ==============================
[0m21:54:15.826453 [info ] [MainThread]: Running with dbt=1.9.0
[0m21:54:15.828194 [debug] [MainThread]: running dbt with arguments {'printer_width': '80', 'indirect_selection': 'eager', 'log_cache_events': 'False', 'write_json': 'True', 'partial_parse': 'True', 'cache_selected_only': 'False', 'warn_error': 'None', 'fail_fast': 'False', 'debug': 'False', 'log_path': '/usr/app/dbt_atv4_project/logs', 'version_check': 'True', 'profiles_dir': '/root/.dbt', 'use_colors': 'True', 'use_experimental_parser': 'False', 'empty': 'False', 'quiet': 'False', 'no_print': 'None', 'warn_error_options': 'WarnErrorOptions(include=[], exclude=[])', 'static_parser': 'True', 'log_format': 'default', 'introspect': 'True', 'target_path': 'None', 'invocation_command': 'dbt run', 'send_anonymous_usage_stats': 'True'}
[0m21:54:16.113047 [debug] [MainThread]: Sending event: {'category': 'dbt', 'action': 'project_id', 'label': 'd2a67d33-298c-46cc-b42c-51a042dd7c9c', 'context': [<snowplow_tracker.self_describing_json.SelfDescribingJson object at 0x7cfe445ef740>]}
[0m21:54:16.177629 [debug] [MainThread]: Sending event: {'category': 'dbt', 'action': 'adapter_info', 'label': 'd2a67d33-298c-46cc-b42c-51a042dd7c9c', 'context': [<snowplow_tracker.self_describing_json.SelfDescribingJson object at 0x7cfe446f2ba0>]}
[0m21:54:16.179434 [info ] [MainThread]: Registered adapter: postgres=1.9.0
[0m21:54:16.259151 [debug] [MainThread]: checksum: c99e828bba267739642b5a3ce85f17518764ea526e0e6c4fdc649171c1a66bff, vars: {}, profile: , target: , version: 1.9.0
[0m21:54:16.456145 [debug] [MainThread]: Partial parsing enabled: 0 files deleted, 0 files added, 0 files changed.
[0m21:54:16.457527 [debug] [MainThread]: Partial parsing enabled, no changes found, skipping parsing
[0m21:54:16.489784 [debug] [MainThread]: Sending event: {'category': 'dbt', 'action': 'load_project', 'label': 'd2a67d33-298c-46cc-b42c-51a042dd7c9c', 'context': [<snowplow_tracker.self_describing_json.SelfDescribingJson object at 0x7cfe42e15130>]}
[0m21:54:16.579858 [debug] [MainThread]: Wrote artifact WritableManifest to /usr/app/dbt_atv4_project/target/manifest.json
[0m21:54:16.585504 [debug] [MainThread]: Wrote artifact SemanticManifest to /usr/app/dbt_atv4_project/target/semantic_manifest.json
[0m21:54:16.626286 [debug] [MainThread]: Sending event: {'category': 'dbt', 'action': 'resource_counts', 'label': 'd2a67d33-298c-46cc-b42c-51a042dd7c9c', 'context': [<snowplow_tracker.self_describing_json.SelfDescribingJson object at 0x7cfe42b6b4d0>]}
[0m21:54:16.628729 [info ] [MainThread]: Found 4 models, 4 sources, 431 macros
[0m21:54:16.630373 [debug] [MainThread]: Sending event: {'category': 'dbt', 'action': 'runnable_timing', 'label': 'd2a67d33-298c-46cc-b42c-51a042dd7c9c', 'context': [<snowplow_tracker.self_describing_json.SelfDescribingJson object at 0x7cfe4599bb90>]}
[0m21:54:16.633728 [info ] [MainThread]: 
[0m21:54:16.635486 [info ] [MainThread]: Concurrency: 4 threads (target='dev')
[0m21:54:16.637492 [info ] [MainThread]: 
[0m21:54:16.639372 [debug] [MainThread]: Acquiring new postgres connection 'master'
[0m21:54:16.647150 [debug] [ThreadPool]: Acquiring new postgres connection 'list_atv4'
[0m21:54:16.708806 [debug] [ThreadPool]: Using postgres connection "list_atv4"
[0m21:54:16.711092 [debug] [ThreadPool]: On list_atv4: /* {"app": "dbt", "dbt_version": "1.9.0", "profile_name": "atv4", "target_name": "dev", "connection_name": "list_atv4"} */

    select distinct nspname from pg_namespace
  
[0m21:54:16.712932 [debug] [ThreadPool]: Opening a new connection, currently in state init
[0m21:54:16.732536 [debug] [ThreadPool]: SQL status: SELECT 7 in 0.020 seconds
[0m21:54:16.734763 [debug] [ThreadPool]: On list_atv4: Close
[0m21:54:16.737565 [debug] [ThreadPool]: Re-using an available connection from the pool (formerly list_atv4, now list_atv4_delivery_atv4)
[0m21:54:16.743396 [debug] [ThreadPool]: Using postgres connection "list_atv4_delivery_atv4"
[0m21:54:16.744640 [debug] [ThreadPool]: On list_atv4_delivery_atv4: BEGIN
[0m21:54:16.745889 [debug] [ThreadPool]: Opening a new connection, currently in state closed
[0m21:54:16.752047 [debug] [ThreadPool]: SQL status: BEGIN in 0.006 seconds
[0m21:54:16.753179 [debug] [ThreadPool]: Using postgres connection "list_atv4_delivery_atv4"
[0m21:54:16.754270 [debug] [ThreadPool]: On list_atv4_delivery_atv4: /* {"app": "dbt", "dbt_version": "1.9.0", "profile_name": "atv4", "target_name": "dev", "connection_name": "list_atv4_delivery_atv4"} */
select
      'atv4' as database,
      tablename as name,
      schemaname as schema,
      'table' as type
    from pg_tables
    where schemaname ilike 'delivery_atv4'
    union all
    select
      'atv4' as database,
      viewname as name,
      schemaname as schema,
      'view' as type
    from pg_views
    where schemaname ilike 'delivery_atv4'
    union all
    select
      'atv4' as database,
      matviewname as name,
      schemaname as schema,
      'materialized_view' as type
    from pg_matviews
    where schemaname ilike 'delivery_atv4'
  
[0m21:54:16.757740 [debug] [ThreadPool]: SQL status: SELECT 0 in 0.002 seconds
[0m21:54:16.759730 [debug] [ThreadPool]: On list_atv4_delivery_atv4: ROLLBACK
[0m21:54:16.761099 [debug] [ThreadPool]: On list_atv4_delivery_atv4: Close
[0m21:54:16.765875 [debug] [MainThread]: Using postgres connection "master"
[0m21:54:16.767182 [debug] [MainThread]: On master: BEGIN
[0m21:54:16.768010 [debug] [MainThread]: Opening a new connection, currently in state init
[0m21:54:16.774018 [debug] [MainThread]: SQL status: BEGIN in 0.006 seconds
[0m21:54:16.775261 [debug] [MainThread]: Using postgres connection "master"
[0m21:54:16.776441 [debug] [MainThread]: On master: /* {"app": "dbt", "dbt_version": "1.9.0", "profile_name": "atv4", "target_name": "dev", "connection_name": "master"} */
with relation as (
        select
            pg_rewrite.ev_class as class,
            pg_rewrite.oid as id
        from pg_rewrite
    ),
    class as (
        select
            oid as id,
            relname as name,
            relnamespace as schema,
            relkind as kind
        from pg_class
    ),
    dependency as (
        select distinct
            pg_depend.objid as id,
            pg_depend.refobjid as ref
        from pg_depend
    ),
    schema as (
        select
            pg_namespace.oid as id,
            pg_namespace.nspname as name
        from pg_namespace
        where nspname != 'information_schema' and nspname not like 'pg\_%'
    ),
    referenced as (
        select
            relation.id AS id,
            referenced_class.name ,
            referenced_class.schema ,
            referenced_class.kind
        from relation
        join class as referenced_class on relation.class=referenced_class.id
        where referenced_class.kind in ('r', 'v', 'm')
    ),
    relationships as (
        select
            referenced.name as referenced_name,
            referenced.schema as referenced_schema_id,
            dependent_class.name as dependent_name,
            dependent_class.schema as dependent_schema_id,
            referenced.kind as kind
        from referenced
        join dependency on referenced.id=dependency.id
        join class as dependent_class on dependency.ref=dependent_class.id
        where
            (referenced.name != dependent_class.name or
             referenced.schema != dependent_class.schema)
    )

    select
        referenced_schema.name as referenced_schema,
        relationships.referenced_name as referenced_name,
        dependent_schema.name as dependent_schema,
        relationships.dependent_name as dependent_name
    from relationships
    join schema as dependent_schema on relationships.dependent_schema_id=dependent_schema.id
    join schema as referenced_schema on relationships.referenced_schema_id=referenced_schema.id
    group by referenced_schema, referenced_name, dependent_schema, dependent_name
    order by referenced_schema, referenced_name, dependent_schema, dependent_name;
[0m21:54:16.780387 [debug] [MainThread]: SQL status: SELECT 0 in 0.003 seconds
[0m21:54:16.782615 [debug] [MainThread]: Sending event: {'category': 'dbt', 'action': 'runnable_timing', 'label': 'd2a67d33-298c-46cc-b42c-51a042dd7c9c', 'context': [<snowplow_tracker.self_describing_json.SelfDescribingJson object at 0x7cfe459aaa80>]}
[0m21:54:16.783833 [debug] [MainThread]: On master: ROLLBACK
[0m21:54:16.784944 [debug] [MainThread]: Using postgres connection "master"
[0m21:54:16.785776 [debug] [MainThread]: On master: BEGIN
[0m21:54:16.786968 [debug] [MainThread]: SQL status: BEGIN in 0.000 seconds
[0m21:54:16.788000 [debug] [MainThread]: On master: COMMIT
[0m21:54:16.788917 [debug] [MainThread]: Using postgres connection "master"
[0m21:54:16.789797 [debug] [MainThread]: On master: COMMIT
[0m21:54:16.790974 [debug] [MainThread]: SQL status: COMMIT in 0.000 seconds
[0m21:54:16.791827 [debug] [MainThread]: On master: Close
[0m21:54:16.795216 [debug] [Thread-1 (]: Began running node model.atv4.stg_bancos
[0m21:54:16.795638 [debug] [Thread-2 (]: Began running node model.atv4.stg_complains
[0m21:54:16.796012 [debug] [Thread-3 (]: Began running node model.atv4.stg_empregados
[0m21:54:16.796931 [info ] [Thread-1 (]: 1 of 4 START sql view model delivery_atv4.stg_bancos ........................... [RUN]
[0m21:54:16.799137 [info ] [Thread-2 (]: 2 of 4 START sql view model delivery_atv4.stg_complains ........................ [RUN]
[0m21:54:16.800931 [info ] [Thread-3 (]: 3 of 4 START sql view model delivery_atv4.stg_empregados ....................... [RUN]
[0m21:54:16.802065 [debug] [Thread-1 (]: Re-using an available connection from the pool (formerly list_atv4_delivery_atv4, now model.atv4.stg_bancos)
[0m21:54:16.803143 [debug] [Thread-2 (]: Acquiring new postgres connection 'model.atv4.stg_complains'
[0m21:54:16.804621 [debug] [Thread-3 (]: Acquiring new postgres connection 'model.atv4.stg_empregados'
[0m21:54:16.805930 [debug] [Thread-1 (]: Began compiling node model.atv4.stg_bancos
[0m21:54:16.807329 [debug] [Thread-2 (]: Began compiling node model.atv4.stg_complains
[0m21:54:16.808397 [debug] [Thread-3 (]: Began compiling node model.atv4.stg_empregados
[0m21:54:16.817894 [debug] [Thread-1 (]: Writing injected SQL for node "model.atv4.stg_bancos"
[0m21:54:16.821073 [debug] [Thread-2 (]: Writing injected SQL for node "model.atv4.stg_complains"
[0m21:54:16.825030 [debug] [Thread-3 (]: Writing injected SQL for node "model.atv4.stg_empregados"
[0m21:54:16.830383 [debug] [Thread-1 (]: Began executing node model.atv4.stg_bancos
[0m21:54:16.831173 [debug] [Thread-3 (]: Began executing node model.atv4.stg_empregados
[0m21:54:16.837779 [debug] [Thread-2 (]: Began executing node model.atv4.stg_complains
[0m21:54:16.873381 [debug] [Thread-3 (]: Writing runtime sql for node "model.atv4.stg_empregados"
[0m21:54:16.875090 [debug] [Thread-1 (]: Writing runtime sql for node "model.atv4.stg_bancos"
[0m21:54:16.879541 [debug] [Thread-2 (]: Writing runtime sql for node "model.atv4.stg_complains"
[0m21:54:16.885350 [debug] [Thread-3 (]: Using postgres connection "model.atv4.stg_empregados"
[0m21:54:16.886030 [debug] [Thread-1 (]: Using postgres connection "model.atv4.stg_bancos"
[0m21:54:16.887129 [debug] [Thread-3 (]: On model.atv4.stg_empregados: BEGIN
[0m21:54:16.887596 [debug] [Thread-2 (]: Using postgres connection "model.atv4.stg_complains"
[0m21:54:16.888429 [debug] [Thread-1 (]: On model.atv4.stg_bancos: BEGIN
[0m21:54:16.889410 [debug] [Thread-3 (]: Opening a new connection, currently in state init
[0m21:54:16.890360 [debug] [Thread-2 (]: On model.atv4.stg_complains: BEGIN
[0m21:54:16.891221 [debug] [Thread-1 (]: Opening a new connection, currently in state closed
[0m21:54:16.892808 [debug] [Thread-2 (]: Opening a new connection, currently in state init
[0m21:54:16.898079 [debug] [Thread-3 (]: SQL status: BEGIN in 0.009 seconds
[0m21:54:16.899415 [debug] [Thread-1 (]: SQL status: BEGIN in 0.008 seconds
[0m21:54:16.900127 [debug] [Thread-3 (]: Using postgres connection "model.atv4.stg_empregados"
[0m21:54:16.900831 [debug] [Thread-2 (]: SQL status: BEGIN in 0.008 seconds
[0m21:54:16.901971 [debug] [Thread-1 (]: Using postgres connection "model.atv4.stg_bancos"
[0m21:54:16.902988 [debug] [Thread-3 (]: On model.atv4.stg_empregados: /* {"app": "dbt", "dbt_version": "1.9.0", "profile_name": "atv4", "target_name": "dev", "node_id": "model.atv4.stg_empregados"} */

  create view "atv4"."delivery_atv4"."stg_empregados__dbt_tmp"
    
    
  as (
    with base as (
    select
        employer_name,
        nome_instituicao,
        segmento,
        nota_geral,
        nota_cultura_valores,
        nota_qualidade_vida,
        nota_remuneracao_beneficios,
        pct_recomendam,
        match_percent,
        
trim(regexp_replace(
  regexp_replace(
    regexp_replace(
      regexp_replace(upper(nome_instituicao), '\s*[-–]\s*PRUDENCIAL$', '', 'g'),
      '\s*\(CONGLOMERADO\)$', '', 'g'),
    '[^A-Z0-9 ]', '', 'g'),
  '\s+', ' ', 'g'))
 as chave_nome,
        row_number() over (partition by 
trim(regexp_replace(
  regexp_replace(
    regexp_replace(
      regexp_replace(upper(nome_instituicao), '\s*[-–]\s*PRUDENCIAL$', '', 'g'),
      '\s*\(CONGLOMERADO\)$', '', 'g'),
    '[^A-Z0-9 ]', '', 'g'),
  '\s+', ' ', 'g'))

                           order by match_percent desc, employer_name) as rn
    from "atv4"."trusted_atv4"."employer_segments"
)
select
    employer_name,
    nome_instituicao,
    segmento,
    nota_geral,
    nota_cultura_valores,
    nota_qualidade_vida,
    nota_remuneracao_beneficios,
    pct_recomendam,
    match_percent,
    chave_nome
from base
where rn = 1
  );
[0m21:54:16.904089 [debug] [Thread-2 (]: Using postgres connection "model.atv4.stg_complains"
[0m21:54:16.905337 [debug] [Thread-1 (]: On model.atv4.stg_bancos: /* {"app": "dbt", "dbt_version": "1.9.0", "profile_name": "atv4", "target_name": "dev", "node_id": "model.atv4.stg_bancos"} */

  create view "atv4"."delivery_atv4"."stg_bancos__dbt_tmp"
    
    
  as (
    select
    segmento,
    cnpj_base,
    nome_instituicao,
    tipo_registro,
    
trim(regexp_replace(
  regexp_replace(
    regexp_replace(
      regexp_replace(upper(nome_instituicao), '\s*[-–]\s*PRUDENCIAL$', '', 'g'),
      '\s*\(CONGLOMERADO\)$', '', 'g'),
    '[^A-Z0-9 ]', '', 'g'),
  '\s+', ' ', 'g'))
 as chave_nome
from "atv4"."trusted_atv4"."bancos"
  );
[0m21:54:16.907088 [debug] [Thread-2 (]: On model.atv4.stg_complains: /* {"app": "dbt", "dbt_version": "1.9.0", "profile_name": "atv4", "target_name": "dev", "node_id": "model.atv4.stg_complains"} */

  create view "atv4"."delivery_atv4"."stg_complains__dbt_tmp"
    
    
  as (
    select
    ano,
    cast(trimestre as int) as trimestre,
    categoria,
    tipo,
    cnpj_base,
    instituicao_financeira,
    indice,
    qtd_recl_reguladas_procedentes,
    qtd_recl_reguladas_outras,
    qtd_recl_nao_reguladas,
    qtd_recl_total,
    qtd_clientes_ccs_scr,
    qtd_clientes_ccs,
    qtd_clientes_scr,
    
trim(regexp_replace(
  regexp_replace(
    regexp_replace(
      regexp_replace(upper(instituicao_financeira), '\s*[-–]\s*PRUDENCIAL$', '', 'g'),
      '\s*\(CONGLOMERADO\)$', '', 'g'),
    '[^A-Z0-9 ]', '', 'g'),
  '\s+', ' ', 'g'))
 as chave_nome
from "atv4"."trusted_atv4"."complaints"
  );
[0m21:54:16.908774 [debug] [Thread-3 (]: SQL status: CREATE VIEW in 0.002 seconds
[0m21:54:16.909148 [debug] [Thread-1 (]: SQL status: CREATE VIEW in 0.001 seconds
[0m21:54:16.910102 [debug] [Thread-2 (]: SQL status: CREATE VIEW in 0.001 seconds
[0m21:54:16.915985 [debug] [Thread-3 (]: Using postgres connection "model.atv4.stg_empregados"
[0m21:54:16.918888 [debug] [Thread-1 (]: Using postgres connection "model.atv4.stg_bancos"
[0m21:54:16.921730 [debug] [Thread-2 (]: Using postgres connection "model.atv4.stg_complains"
[0m21:54:16.922895 [debug] [Thread-3 (]: On model.atv4.stg_empregados: /* {"app": "dbt", "dbt_version": "1.9.0", "profile_name": "atv4", "target_name": "dev", "node_id": "model.atv4.stg_empregados"} */
alter table "atv4"."delivery_atv4"."stg_empregados__dbt_tmp" rename to "stg_empregados"
[0m21:54:16.923779 [debug] [Thread-1 (]: On model.atv4.stg_bancos: /* {"app": "dbt", "dbt_version": "1.9.0", "profile_name": "atv4", "target_name": "dev", "node_id": "model.atv4.stg_bancos"} */
alter table "atv4"."delivery_atv4"."stg_bancos__dbt_tmp" rename to "stg_bancos"
[0m21:54:16.924664 [debug] [Thread-2 (]: On model.atv4.stg_complains: /* {"app": "dbt", "dbt_version": "1.9.0", "profile_name": "atv4", "target_name": "dev", "node_id": "model.atv4.stg_complains"} */
alter table "atv4"."delivery_atv4"."stg_complains__dbt_tmp" rename to "stg_complains"
[0m21:54:16.926983 [debug] [Thread-1 (]: SQL status: ALTER TABLE in 0.001 seconds
[0m21:54:16.927379 [debug] [Thread-3 (]: SQL status: ALTER TABLE in 0.002 seconds
[0m21:54:16.928048 [debug] [Thread-2 (]: SQL status: ALTER TABLE in 0.000 seconds
[0m21:54:16.940346 [debug] [Thread-1 (]: On model.atv4.stg_bancos: COMMIT
[0m21:54:16.942408 [debug] [Thread-3 (]: On model.atv4.stg_empregados: COMMIT
[0m21:54:16.945322 [debug] [Thread-2 (]: On model.atv4.stg_complains: COMMIT
[0m21:54:16.946751 [debug] [Thread-1 (]: Using postgres connection "model.atv4.stg_bancos"
[0m21:54:16.948602 [debug] [Thread-3 (]: Using postgres connection "model.atv4.stg_empregados"
[0m21:54:16.950028 [debug] [Thread-2 (]: Using postgres connection "model.atv4.stg_complains"
[0m21:54:16.951036 [debug] [Thread-1 (]: On model.atv4.stg_bancos: COMMIT
[0m21:54:16.952058 [debug] [Thread-3 (]: On model.atv4.stg_empregados: COMMIT
[0m21:54:16.953024 [debug] [Thread-2 (]: On model.atv4.stg_complains: COMMIT
[0m21:54:16.955221 [debug] [Thread-1 (]: SQL status: COMMIT in 0.001 seconds
[0m21:54:16.955765 [debug] [Thread-3 (]: SQL status: COMMIT in 0.001 seconds
[0m21:54:16.961906 [debug] [Thread-2 (]: SQL status: COMMIT in 0.006 seconds
[0m21:54:16.961666 [debug] [Thread-1 (]: Applying DROP to: "atv4"."delivery_atv4"."stg_bancos__dbt_backup"
[0m21:54:16.964620 [debug] [Thread-3 (]: Applying DROP to: "atv4"."delivery_atv4"."stg_empregados__dbt_backup"
[0m21:54:16.967281 [debug] [Thread-2 (]: Applying DROP to: "atv4"."delivery_atv4"."stg_complains__dbt_backup"
[0m21:54:16.973221 [debug] [Thread-1 (]: Using postgres connection "model.atv4.stg_bancos"
[0m21:54:16.974429 [debug] [Thread-3 (]: Using postgres connection "model.atv4.stg_empregados"
[0m21:54:16.975531 [debug] [Thread-2 (]: Using postgres connection "model.atv4.stg_complains"
[0m21:54:16.977104 [debug] [Thread-1 (]: On model.atv4.stg_bancos: /* {"app": "dbt", "dbt_version": "1.9.0", "profile_name": "atv4", "target_name": "dev", "node_id": "model.atv4.stg_bancos"} */
drop view if exists "atv4"."delivery_atv4"."stg_bancos__dbt_backup" cascade
[0m21:54:16.978476 [debug] [Thread-3 (]: On model.atv4.stg_empregados: /* {"app": "dbt", "dbt_version": "1.9.0", "profile_name": "atv4", "target_name": "dev", "node_id": "model.atv4.stg_empregados"} */
drop view if exists "atv4"."delivery_atv4"."stg_empregados__dbt_backup" cascade
[0m21:54:16.979503 [debug] [Thread-2 (]: On model.atv4.stg_complains: /* {"app": "dbt", "dbt_version": "1.9.0", "profile_name": "atv4", "target_name": "dev", "node_id": "model.atv4.stg_complains"} */
drop view if exists "atv4"."delivery_atv4"."stg_complains__dbt_backup" cascade
[0m21:54:16.981384 [debug] [Thread-1 (]: SQL status: DROP VIEW in 0.001 seconds
[0m21:54:16.981747 [debug] [Thread-3 (]: SQL status: DROP VIEW in 0.001 seconds
[0m21:54:16.982809 [debug] [Thread-2 (]: SQL status: DROP VIEW in 0.000 seconds
[0m21:54:16.985321 [debug] [Thread-1 (]: On model.atv4.stg_bancos: Close
[0m21:54:16.987290 [debug] [Thread-3 (]: On model.atv4.stg_empregados: Close
[0m21:54:16.989273 [debug] [Thread-2 (]: On model.atv4.stg_complains: Close
[0m21:54:16.992061 [debug] [Thread-1 (]: Sending event: {'category': 'dbt', 'action': 'run_model', 'label': 'd2a67d33-298c-46cc-b42c-51a042dd7c9c', 'context': [<snowplow_tracker.self_describing_json.SelfDescribingJson object at 0x7cfe4657e750>]}
[0m21:54:16.992763 [debug] [Thread-3 (]: Sending event: {'category': 'dbt', 'action': 'run_model', 'label': 'd2a67d33-298c-46cc-b42c-51a042dd7c9c', 'context': [<snowplow_tracker.self_describing_json.SelfDescribingJson object at 0x7cfe41d433e0>]}
[0m21:54:16.994279 [debug] [Thread-2 (]: Sending event: {'category': 'dbt', 'action': 'run_model', 'label': 'd2a67d33-298c-46cc-b42c-51a042dd7c9c', 'context': [<snowplow_tracker.self_describing_json.SelfDescribingJson object at 0x7cfe403770b0>]}
[0m21:54:16.995468 [info ] [Thread-1 (]: 1 of 4 OK created sql view model delivery_atv4.stg_bancos ...................... [[32mCREATE VIEW[0m in 0.19s]
[0m21:54:16.996774 [info ] [Thread-3 (]: 3 of 4 OK created sql view model delivery_atv4.stg_empregados .................. [[32mCREATE VIEW[0m in 0.19s]
[0m21:54:16.998002 [info ] [Thread-2 (]: 2 of 4 OK created sql view model delivery_atv4.stg_complains ................... [[32mCREATE VIEW[0m in 0.19s]
[0m21:54:16.999799 [debug] [Thread-1 (]: Finished running node model.atv4.stg_bancos
[0m21:54:17.000969 [debug] [Thread-3 (]: Finished running node model.atv4.stg_empregados
[0m21:54:17.002064 [debug] [Thread-2 (]: Finished running node model.atv4.stg_complains
[0m21:54:17.005084 [debug] [Thread-4 (]: Began running node model.atv4.delivery_reclamacoes_satisfacao
[0m21:54:17.006282 [info ] [Thread-4 (]: 4 of 4 START sql table model delivery_atv4.delivery_reclamacoes_satisfacao ..... [RUN]
[0m21:54:17.008134 [debug] [Thread-4 (]: Acquiring new postgres connection 'model.atv4.delivery_reclamacoes_satisfacao'
[0m21:54:17.009977 [debug] [Thread-4 (]: Began compiling node model.atv4.delivery_reclamacoes_satisfacao
[0m21:54:17.014495 [debug] [Thread-4 (]: Writing injected SQL for node "model.atv4.delivery_reclamacoes_satisfacao"
[0m21:54:17.021665 [debug] [Thread-4 (]: Began executing node model.atv4.delivery_reclamacoes_satisfacao
[0m21:54:17.042493 [debug] [Thread-4 (]: Writing runtime sql for node "model.atv4.delivery_reclamacoes_satisfacao"
[0m21:54:17.050276 [debug] [Thread-4 (]: Using postgres connection "model.atv4.delivery_reclamacoes_satisfacao"
[0m21:54:17.051353 [debug] [Thread-4 (]: On model.atv4.delivery_reclamacoes_satisfacao: BEGIN
[0m21:54:17.052228 [debug] [Thread-4 (]: Opening a new connection, currently in state init
[0m21:54:17.057859 [debug] [Thread-4 (]: SQL status: BEGIN in 0.006 seconds
[0m21:54:17.059072 [debug] [Thread-4 (]: Using postgres connection "model.atv4.delivery_reclamacoes_satisfacao"
[0m21:54:17.060164 [debug] [Thread-4 (]: On model.atv4.delivery_reclamacoes_satisfacao: /* {"app": "dbt", "dbt_version": "1.9.0", "profile_name": "atv4", "target_name": "dev", "node_id": "model.atv4.delivery_reclamacoes_satisfacao"} */

  
    

  create  table "atv4"."delivery_atv4"."delivery_reclamacoes_satisfacao__dbt_tmp"
  
  
    as
  
  (
    

select
    c.ano,
    c.trimestre,
    c.categoria,
    c.tipo,
    c.instituicao_financeira,
    b.segmento,
    b.cnpj_base,
    c.indice,
    c.qtd_recl_total,
    c.qtd_recl_reguladas_procedentes,
    c.qtd_clientes_ccs_scr,
    e.employer_name,
    e.nota_geral,
    e.nota_qualidade_vida,
    e.nota_remuneracao_beneficios,
    e.pct_recomendam,
    e.match_percent
from "atv4"."delivery_atv4"."stg_complains" c
left join "atv4"."delivery_atv4"."stg_empregados" e on c.chave_nome = e.chave_nome
left join "atv4"."delivery_atv4"."stg_bancos"     b on c.chave_nome = b.chave_nome
                                       and b.tipo_registro = 'INSTITUICAO'
  );
  
[0m21:54:17.093977 [debug] [Thread-4 (]: SQL status: SELECT 918 in 0.033 seconds
[0m21:54:17.098289 [debug] [Thread-4 (]: Using postgres connection "model.atv4.delivery_reclamacoes_satisfacao"
[0m21:54:17.100822 [debug] [Thread-4 (]: On model.atv4.delivery_reclamacoes_satisfacao: /* {"app": "dbt", "dbt_version": "1.9.0", "profile_name": "atv4", "target_name": "dev", "node_id": "model.atv4.delivery_reclamacoes_satisfacao"} */
alter table "atv4"."delivery_atv4"."delivery_reclamacoes_satisfacao__dbt_tmp" rename to "delivery_reclamacoes_satisfacao"
[0m21:54:17.102802 [debug] [Thread-4 (]: SQL status: ALTER TABLE in 0.000 seconds
[0m21:54:17.108171 [debug] [Thread-4 (]: On model.atv4.delivery_reclamacoes_satisfacao: COMMIT
[0m21:54:17.109530 [debug] [Thread-4 (]: Using postgres connection "model.atv4.delivery_reclamacoes_satisfacao"
[0m21:54:17.110731 [debug] [Thread-4 (]: On model.atv4.delivery_reclamacoes_satisfacao: COMMIT
[0m21:54:17.113335 [debug] [Thread-4 (]: SQL status: COMMIT in 0.001 seconds
[0m21:54:17.117601 [debug] [Thread-4 (]: Applying DROP to: "atv4"."delivery_atv4"."delivery_reclamacoes_satisfacao__dbt_backup"
[0m21:54:17.121543 [debug] [Thread-4 (]: Using postgres connection "model.atv4.delivery_reclamacoes_satisfacao"
[0m21:54:17.122765 [debug] [Thread-4 (]: On model.atv4.delivery_reclamacoes_satisfacao: /* {"app": "dbt", "dbt_version": "1.9.0", "profile_name": "atv4", "target_name": "dev", "node_id": "model.atv4.delivery_reclamacoes_satisfacao"} */
drop table if exists "atv4"."delivery_atv4"."delivery_reclamacoes_satisfacao__dbt_backup" cascade
[0m21:54:17.124045 [debug] [Thread-4 (]: SQL status: DROP TABLE in 0.000 seconds
[0m21:54:17.125844 [debug] [Thread-4 (]: On model.atv4.delivery_reclamacoes_satisfacao: Close
[0m21:54:17.127074 [debug] [Thread-4 (]: Sending event: {'category': 'dbt', 'action': 'run_model', 'label': 'd2a67d33-298c-46cc-b42c-51a042dd7c9c', 'context': [<snowplow_tracker.self_describing_json.SelfDescribingJson object at 0x7cfe403d8ef0>]}
[0m21:54:17.128412 [info ] [Thread-4 (]: 4 of 4 OK created sql table model delivery_atv4.delivery_reclamacoes_satisfacao  [[32mSELECT 918[0m in 0.12s]
[0m21:54:17.131106 [debug] [Thread-4 (]: Finished running node model.atv4.delivery_reclamacoes_satisfacao
[0m21:54:17.135997 [debug] [MainThread]: Using postgres connection "master"
[0m21:54:17.138666 [debug] [MainThread]: On master: BEGIN
[0m21:54:17.140894 [debug] [MainThread]: Opening a new connection, currently in state closed
[0m21:54:17.152061 [debug] [MainThread]: SQL status: BEGIN in 0.011 seconds
[0m21:54:17.154490 [debug] [MainThread]: On master: COMMIT
[0m21:54:17.156823 [debug] [MainThread]: Using postgres connection "master"
[0m21:54:17.159287 [debug] [MainThread]: On master: COMMIT
[0m21:54:17.162137 [debug] [MainThread]: SQL status: COMMIT in 0.000 seconds
[0m21:54:17.164025 [debug] [MainThread]: On master: Close
[0m21:54:17.166338 [debug] [MainThread]: Connection 'master' was properly closed.
[0m21:54:17.168357 [debug] [MainThread]: Connection 'model.atv4.stg_bancos' was properly closed.
[0m21:54:17.170304 [debug] [MainThread]: Connection 'model.atv4.stg_complains' was properly closed.
[0m21:54:17.172547 [debug] [MainThread]: Connection 'model.atv4.stg_empregados' was properly closed.
[0m21:54:17.173685 [debug] [MainThread]: Connection 'model.atv4.delivery_reclamacoes_satisfacao' was properly closed.
[0m21:54:17.175308 [info ] [MainThread]: 
[0m21:54:17.177011 [info ] [MainThread]: Finished running 1 table model, 3 view models in 0 hours 0 minutes and 0.54 seconds (0.54s).
[0m21:54:17.179347 [debug] [MainThread]: Command end result
[0m21:54:17.223641 [debug] [MainThread]: Wrote artifact WritableManifest to /usr/app/dbt_atv4_project/target/manifest.json
[0m21:54:17.229895 [debug] [MainThread]: Wrote artifact SemanticManifest to /usr/app/dbt_atv4_project/target/semantic_manifest.json
[0m21:54:17.240121 [debug] [MainThread]: Wrote artifact RunExecutionResult to /usr/app/dbt_atv4_project/target/run_results.json
[0m21:54:17.241395 [info ] [MainThread]: 
[0m21:54:17.242869 [info ] [MainThread]: [32mCompleted successfully[0m
[0m21:54:17.244634 [info ] [MainThread]: 
[0m21:54:17.246014 [info ] [MainThread]: Done. PASS=4 WARN=0 ERROR=0 SKIP=0 TOTAL=4
[0m21:54:17.248525 [debug] [MainThread]: Resource report: {"command_name": "run", "command_success": true, "command_wall_clock_time": 1.5021554, "process_in_blocks": "841", "process_kernel_time": 0.407209, "process_mem_max_rss": "110020", "process_out_blocks": "1600", "process_user_time": 2.098697}
[0m21:54:17.250276 [debug] [MainThread]: Command `dbt run` succeeded at 21:54:17.250050 after 1.50 seconds
[0m21:54:17.251509 [debug] [MainThread]: Sending event: {'category': 'dbt', 'action': 'invocation', 'label': 'end', 'context': [<snowplow_tracker.self_describing_json.SelfDescribingJson object at 0x7cfe448fbd70>, <snowplow_tracker.self_describing_json.SelfDescribingJson object at 0x7cfe47dcaab0>, <snowplow_tracker.self_describing_json.SelfDescribingJson object at 0x7cfe403aa0c0>]}
[0m21:54:17.253151 [debug] [MainThread]: Flushing usage events
[0m21:54:17.826009 [debug] [MainThread]: An error was encountered while trying to flush usage events
[0m22:01:14.573382 [debug] [MainThread]: Sending event: {'category': 'dbt', 'action': 'invocation', 'label': 'start', 'context': [<snowplow_tracker.self_describing_json.SelfDescribingJson object at 0x7535b9671b80>, <snowplow_tracker.self_describing_json.SelfDescribingJson object at 0x7535ba1a6300>, <snowplow_tracker.self_describing_json.SelfDescribingJson object at 0x7535b9672270>]}


============================== 22:01:14.579685 | ce214234-8067-4f22-9ecb-7735f822991d ==============================
[0m22:01:14.579685 [info ] [MainThread]: Running with dbt=1.9.0
[0m22:01:14.581263 [debug] [MainThread]: running dbt with arguments {'printer_width': '80', 'indirect_selection': 'eager', 'write_json': 'True', 'log_cache_events': 'False', 'partial_parse': 'True', 'cache_selected_only': 'False', 'profiles_dir': '/root/.dbt', 'fail_fast': 'False', 'debug': 'False', 'log_path': '/usr/app/dbt_atv4_project/logs', 'warn_error': 'None', 'version_check': 'True', 'use_colors': 'True', 'use_experimental_parser': 'False', 'no_print': 'None', 'quiet': 'False', 'empty': 'None', 'log_format': 'default', 'static_parser': 'True', 'warn_error_options': 'WarnErrorOptions(include=[], exclude=[])', 'invocation_command': 'dbt test', 'target_path': 'None', 'introspect': 'True', 'send_anonymous_usage_stats': 'True'}
[0m22:01:14.781183 [debug] [MainThread]: Sending event: {'category': 'dbt', 'action': 'project_id', 'label': 'ce214234-8067-4f22-9ecb-7735f822991d', 'context': [<snowplow_tracker.self_describing_json.SelfDescribingJson object at 0x7535b93ee1b0>]}
[0m22:01:14.840598 [debug] [MainThread]: Sending event: {'category': 'dbt', 'action': 'adapter_info', 'label': 'ce214234-8067-4f22-9ecb-7735f822991d', 'context': [<snowplow_tracker.self_describing_json.SelfDescribingJson object at 0x7535b77e8770>]}
[0m22:01:14.844080 [info ] [MainThread]: Registered adapter: postgres=1.9.0
[0m22:01:14.909055 [debug] [MainThread]: checksum: c99e828bba267739642b5a3ce85f17518764ea526e0e6c4fdc649171c1a66bff, vars: {}, profile: , target: , version: 1.9.0
[0m22:01:15.100508 [debug] [MainThread]: Partial parsing enabled: 0 files deleted, 2 files added, 0 files changed.
[0m22:01:15.102062 [debug] [MainThread]: Partial parsing: added file: atv4://tests/assert_complains_totals_match.sql
[0m22:01:15.103169 [debug] [MainThread]: Partial parsing: added file: atv4://models/schema.yml
[0m22:01:15.497968 [debug] [MainThread]: Sending event: {'category': 'dbt', 'action': 'load_project', 'label': 'ce214234-8067-4f22-9ecb-7735f822991d', 'context': [<snowplow_tracker.self_describing_json.SelfDescribingJson object at 0x7535b72ec5c0>]}
[0m22:01:15.608155 [debug] [MainThread]: Wrote artifact WritableManifest to /usr/app/dbt_atv4_project/target/manifest.json
[0m22:01:15.613129 [debug] [MainThread]: Wrote artifact SemanticManifest to /usr/app/dbt_atv4_project/target/semantic_manifest.json
[0m22:01:15.659257 [debug] [MainThread]: Sending event: {'category': 'dbt', 'action': 'resource_counts', 'label': 'ce214234-8067-4f22-9ecb-7735f822991d', 'context': [<snowplow_tracker.self_describing_json.SelfDescribingJson object at 0x7535b7892bd0>]}
[0m22:01:15.660671 [info ] [MainThread]: Found 4 models, 8 data tests, 4 sources, 431 macros
[0m22:01:15.661918 [debug] [MainThread]: Sending event: {'category': 'dbt', 'action': 'runnable_timing', 'label': 'ce214234-8067-4f22-9ecb-7735f822991d', 'context': [<snowplow_tracker.self_describing_json.SelfDescribingJson object at 0x7535b740a8a0>]}
[0m22:01:15.665259 [info ] [MainThread]: 
[0m22:01:15.666999 [info ] [MainThread]: Concurrency: 4 threads (target='dev')
[0m22:01:15.668980 [info ] [MainThread]: 
[0m22:01:15.670702 [debug] [MainThread]: Acquiring new postgres connection 'master'
[0m22:01:15.677070 [debug] [ThreadPool]: Acquiring new postgres connection 'list_atv4_delivery_atv4'
[0m22:01:15.724901 [debug] [ThreadPool]: Using postgres connection "list_atv4_delivery_atv4"
[0m22:01:15.726805 [debug] [ThreadPool]: On list_atv4_delivery_atv4: BEGIN
[0m22:01:15.728544 [debug] [ThreadPool]: Opening a new connection, currently in state init
[0m22:01:15.737191 [debug] [ThreadPool]: SQL status: BEGIN in 0.009 seconds
[0m22:01:15.738506 [debug] [ThreadPool]: Using postgres connection "list_atv4_delivery_atv4"
[0m22:01:15.739421 [debug] [ThreadPool]: On list_atv4_delivery_atv4: /* {"app": "dbt", "dbt_version": "1.9.0", "profile_name": "atv4", "target_name": "dev", "connection_name": "list_atv4_delivery_atv4"} */
select
      'atv4' as database,
      tablename as name,
      schemaname as schema,
      'table' as type
    from pg_tables
    where schemaname ilike 'delivery_atv4'
    union all
    select
      'atv4' as database,
      viewname as name,
      schemaname as schema,
      'view' as type
    from pg_views
    where schemaname ilike 'delivery_atv4'
    union all
    select
      'atv4' as database,
      matviewname as name,
      schemaname as schema,
      'materialized_view' as type
    from pg_matviews
    where schemaname ilike 'delivery_atv4'
  
[0m22:01:15.742527 [debug] [ThreadPool]: SQL status: SELECT 4 in 0.002 seconds
[0m22:01:15.744778 [debug] [ThreadPool]: On list_atv4_delivery_atv4: ROLLBACK
[0m22:01:15.746097 [debug] [ThreadPool]: On list_atv4_delivery_atv4: Close
[0m22:01:15.751917 [debug] [MainThread]: Using postgres connection "master"
[0m22:01:15.753127 [debug] [MainThread]: On master: BEGIN
[0m22:01:15.754025 [debug] [MainThread]: Opening a new connection, currently in state init
[0m22:01:15.759907 [debug] [MainThread]: SQL status: BEGIN in 0.006 seconds
[0m22:01:15.761192 [debug] [MainThread]: Using postgres connection "master"
[0m22:01:15.762549 [debug] [MainThread]: On master: /* {"app": "dbt", "dbt_version": "1.9.0", "profile_name": "atv4", "target_name": "dev", "connection_name": "master"} */
with relation as (
        select
            pg_rewrite.ev_class as class,
            pg_rewrite.oid as id
        from pg_rewrite
    ),
    class as (
        select
            oid as id,
            relname as name,
            relnamespace as schema,
            relkind as kind
        from pg_class
    ),
    dependency as (
        select distinct
            pg_depend.objid as id,
            pg_depend.refobjid as ref
        from pg_depend
    ),
    schema as (
        select
            pg_namespace.oid as id,
            pg_namespace.nspname as name
        from pg_namespace
        where nspname != 'information_schema' and nspname not like 'pg\_%'
    ),
    referenced as (
        select
            relation.id AS id,
            referenced_class.name ,
            referenced_class.schema ,
            referenced_class.kind
        from relation
        join class as referenced_class on relation.class=referenced_class.id
        where referenced_class.kind in ('r', 'v', 'm')
    ),
    relationships as (
        select
            referenced.name as referenced_name,
            referenced.schema as referenced_schema_id,
            dependent_class.name as dependent_name,
            dependent_class.schema as dependent_schema_id,
            referenced.kind as kind
        from referenced
        join dependency on referenced.id=dependency.id
        join class as dependent_class on dependency.ref=dependent_class.id
        where
            (referenced.name != dependent_class.name or
             referenced.schema != dependent_class.schema)
    )

    select
        referenced_schema.name as referenced_schema,
        relationships.referenced_name as referenced_name,
        dependent_schema.name as dependent_schema,
        relationships.dependent_name as dependent_name
    from relationships
    join schema as dependent_schema on relationships.dependent_schema_id=dependent_schema.id
    join schema as referenced_schema on relationships.referenced_schema_id=referenced_schema.id
    group by referenced_schema, referenced_name, dependent_schema, dependent_name
    order by referenced_schema, referenced_name, dependent_schema, dependent_name;
[0m22:01:15.768181 [debug] [MainThread]: SQL status: SELECT 3 in 0.004 seconds
[0m22:01:15.770428 [debug] [MainThread]: Sending event: {'category': 'dbt', 'action': 'runnable_timing', 'label': 'ce214234-8067-4f22-9ecb-7735f822991d', 'context': [<snowplow_tracker.self_describing_json.SelfDescribingJson object at 0x7535baec8500>]}
[0m22:01:15.771654 [debug] [MainThread]: On master: ROLLBACK
[0m22:01:15.772796 [debug] [MainThread]: Using postgres connection "master"
[0m22:01:15.773970 [debug] [MainThread]: On master: BEGIN
[0m22:01:15.775164 [debug] [MainThread]: SQL status: BEGIN in 0.000 seconds
[0m22:01:15.776185 [debug] [MainThread]: On master: COMMIT
[0m22:01:15.777230 [debug] [MainThread]: Using postgres connection "master"
[0m22:01:15.778118 [debug] [MainThread]: On master: COMMIT
[0m22:01:15.779147 [debug] [MainThread]: SQL status: COMMIT in 0.000 seconds
[0m22:01:15.780078 [debug] [MainThread]: On master: Close
[0m22:01:15.785781 [debug] [Thread-1 (]: Began running node test.atv4.accepted_values_stg_bancos_segmento__S1__S2__S3__S4__S5.7d39db6800
[0m22:01:15.786210 [debug] [Thread-2 (]: Began running node test.atv4.accepted_values_stg_complains_tipo__Conglomerado__Banco_financeira.176719da3c
[0m22:01:15.786602 [debug] [Thread-3 (]: Began running node test.atv4.assert_complains_totals_match
[0m22:01:15.786974 [debug] [Thread-4 (]: Began running node test.atv4.not_null_stg_complains_ano.e15a1692d7
[0m22:01:15.787885 [info ] [Thread-1 (]: 1 of 8 START test accepted_values_stg_bancos_segmento__S1__S2__S3__S4__S5 ...... [RUN]
[0m22:01:15.789064 [info ] [Thread-2 (]: 2 of 8 START test accepted_values_stg_complains_tipo__Conglomerado__Banco_financeira  [RUN]
[0m22:01:15.790352 [info ] [Thread-3 (]: 3 of 8 START test assert_complains_totals_match ................................ [RUN]
[0m22:01:15.791367 [info ] [Thread-4 (]: 4 of 8 START test not_null_stg_complains_ano ................................... [RUN]
[0m22:01:15.792554 [debug] [Thread-1 (]: Re-using an available connection from the pool (formerly list_atv4_delivery_atv4, now test.atv4.accepted_values_stg_bancos_segmento__S1__S2__S3__S4__S5.7d39db6800)
[0m22:01:15.793857 [debug] [Thread-2 (]: Acquiring new postgres connection 'test.atv4.accepted_values_stg_complains_tipo__Conglomerado__Banco_financeira.176719da3c'
[0m22:01:15.795117 [debug] [Thread-3 (]: Acquiring new postgres connection 'test.atv4.assert_complains_totals_match'
[0m22:01:15.796185 [debug] [Thread-4 (]: Acquiring new postgres connection 'test.atv4.not_null_stg_complains_ano.e15a1692d7'
[0m22:01:15.797111 [debug] [Thread-1 (]: Began compiling node test.atv4.accepted_values_stg_bancos_segmento__S1__S2__S3__S4__S5.7d39db6800
[0m22:01:15.797972 [debug] [Thread-2 (]: Began compiling node test.atv4.accepted_values_stg_complains_tipo__Conglomerado__Banco_financeira.176719da3c
[0m22:01:15.799176 [debug] [Thread-3 (]: Began compiling node test.atv4.assert_complains_totals_match
[0m22:01:15.800280 [debug] [Thread-4 (]: Began compiling node test.atv4.not_null_stg_complains_ano.e15a1692d7
[0m22:01:15.808149 [debug] [Thread-1 (]: Writing injected SQL for node "test.atv4.accepted_values_stg_bancos_segmento__S1__S2__S3__S4__S5.7d39db6800"
[0m22:01:15.812832 [debug] [Thread-2 (]: Writing injected SQL for node "test.atv4.accepted_values_stg_complains_tipo__Conglomerado__Banco_financeira.176719da3c"
[0m22:01:15.816202 [debug] [Thread-3 (]: Writing injected SQL for node "test.atv4.assert_complains_totals_match"
[0m22:01:15.825421 [debug] [Thread-4 (]: Writing injected SQL for node "test.atv4.not_null_stg_complains_ano.e15a1692d7"
[0m22:01:15.833143 [debug] [Thread-3 (]: Began executing node test.atv4.assert_complains_totals_match
[0m22:01:15.834395 [debug] [Thread-1 (]: Began executing node test.atv4.accepted_values_stg_bancos_segmento__S1__S2__S3__S4__S5.7d39db6800
[0m22:01:15.835495 [debug] [Thread-4 (]: Began executing node test.atv4.not_null_stg_complains_ano.e15a1692d7
[0m22:01:15.851373 [debug] [Thread-3 (]: Writing runtime sql for node "test.atv4.assert_complains_totals_match"
[0m22:01:15.851823 [debug] [Thread-2 (]: Began executing node test.atv4.accepted_values_stg_complains_tipo__Conglomerado__Banco_financeira.176719da3c
[0m22:01:15.854262 [debug] [Thread-1 (]: Writing runtime sql for node "test.atv4.accepted_values_stg_bancos_segmento__S1__S2__S3__S4__S5.7d39db6800"
[0m22:01:15.858466 [debug] [Thread-4 (]: Writing runtime sql for node "test.atv4.not_null_stg_complains_ano.e15a1692d7"
[0m22:01:15.863019 [debug] [Thread-2 (]: Writing runtime sql for node "test.atv4.accepted_values_stg_complains_tipo__Conglomerado__Banco_financeira.176719da3c"
[0m22:01:15.868283 [debug] [Thread-3 (]: Using postgres connection "test.atv4.assert_complains_totals_match"
[0m22:01:15.869572 [debug] [Thread-3 (]: On test.atv4.assert_complains_totals_match: BEGIN
[0m22:01:15.870836 [debug] [Thread-3 (]: Opening a new connection, currently in state init
[0m22:01:15.871476 [debug] [Thread-1 (]: Using postgres connection "test.atv4.accepted_values_stg_bancos_segmento__S1__S2__S3__S4__S5.7d39db6800"
[0m22:01:15.872369 [debug] [Thread-2 (]: Using postgres connection "test.atv4.accepted_values_stg_complains_tipo__Conglomerado__Banco_financeira.176719da3c"
[0m22:01:15.873845 [debug] [Thread-4 (]: Using postgres connection "test.atv4.not_null_stg_complains_ano.e15a1692d7"
[0m22:01:15.874411 [debug] [Thread-1 (]: On test.atv4.accepted_values_stg_bancos_segmento__S1__S2__S3__S4__S5.7d39db6800: BEGIN
[0m22:01:15.876283 [debug] [Thread-2 (]: On test.atv4.accepted_values_stg_complains_tipo__Conglomerado__Banco_financeira.176719da3c: BEGIN
[0m22:01:15.878857 [debug] [Thread-3 (]: SQL status: BEGIN in 0.008 seconds
[0m22:01:15.879340 [debug] [Thread-4 (]: On test.atv4.not_null_stg_complains_ano.e15a1692d7: BEGIN
[0m22:01:15.880385 [debug] [Thread-1 (]: Opening a new connection, currently in state closed
[0m22:01:15.881451 [debug] [Thread-2 (]: Opening a new connection, currently in state init
[0m22:01:15.882621 [debug] [Thread-3 (]: Using postgres connection "test.atv4.assert_complains_totals_match"
[0m22:01:15.883755 [debug] [Thread-4 (]: Opening a new connection, currently in state init
[0m22:01:15.886730 [debug] [Thread-3 (]: On test.atv4.assert_complains_totals_match: /* {"app": "dbt", "dbt_version": "1.9.0", "profile_name": "atv4", "target_name": "dev", "node_id": "test.atv4.assert_complains_totals_match"} */
select
      count(*) as failures,
      count(*) != 0 as should_warn,
      count(*) != 0 as should_error
    from (
      -- Fails (returns rows) if procedentes + outras + nao_reguladas != total.
-- Verified to hold for all 918 rows during trusted-layer validation in Python.
select *
from "atv4"."delivery_atv4"."stg_complains"
where qtd_recl_reguladas_procedentes
    + qtd_recl_reguladas_outras
    + qtd_recl_nao_reguladas
    != qtd_recl_total
      
    ) dbt_internal_test
[0m22:01:15.890051 [debug] [Thread-1 (]: SQL status: BEGIN in 0.010 seconds
[0m22:01:15.890733 [debug] [Thread-3 (]: SQL status: SELECT 1 in 0.002 seconds
[0m22:01:15.891119 [debug] [Thread-2 (]: SQL status: BEGIN in 0.010 seconds
[0m22:01:15.891921 [debug] [Thread-1 (]: Using postgres connection "test.atv4.accepted_values_stg_bancos_segmento__S1__S2__S3__S4__S5.7d39db6800"
[0m22:01:15.892769 [debug] [Thread-4 (]: SQL status: BEGIN in 0.009 seconds
[0m22:01:15.896254 [debug] [Thread-3 (]: On test.atv4.assert_complains_totals_match: ROLLBACK
[0m22:01:15.897496 [debug] [Thread-2 (]: Using postgres connection "test.atv4.accepted_values_stg_complains_tipo__Conglomerado__Banco_financeira.176719da3c"
[0m22:01:15.898434 [debug] [Thread-1 (]: On test.atv4.accepted_values_stg_bancos_segmento__S1__S2__S3__S4__S5.7d39db6800: /* {"app": "dbt", "dbt_version": "1.9.0", "profile_name": "atv4", "target_name": "dev", "node_id": "test.atv4.accepted_values_stg_bancos_segmento__S1__S2__S3__S4__S5.7d39db6800"} */
select
      count(*) as failures,
      count(*) != 0 as should_warn,
      count(*) != 0 as should_error
    from (
      
    
    

with all_values as (

    select
        segmento as value_field,
        count(*) as n_records

    from "atv4"."delivery_atv4"."stg_bancos"
    group by segmento

)

select *
from all_values
where value_field not in (
    'S1','S2','S3','S4','S5'
)



      
    ) dbt_internal_test
[0m22:01:15.899508 [debug] [Thread-4 (]: Using postgres connection "test.atv4.not_null_stg_complains_ano.e15a1692d7"
[0m22:01:15.901043 [debug] [Thread-3 (]: On test.atv4.assert_complains_totals_match: Close
[0m22:01:15.901807 [debug] [Thread-2 (]: On test.atv4.accepted_values_stg_complains_tipo__Conglomerado__Banco_financeira.176719da3c: /* {"app": "dbt", "dbt_version": "1.9.0", "profile_name": "atv4", "target_name": "dev", "node_id": "test.atv4.accepted_values_stg_complains_tipo__Conglomerado__Banco_financeira.176719da3c"} */
select
      count(*) as failures,
      count(*) != 0 as should_warn,
      count(*) != 0 as should_error
    from (
      
    
    

with all_values as (

    select
        tipo as value_field,
        count(*) as n_records

    from "atv4"."delivery_atv4"."stg_complains"
    group by tipo

)

select *
from all_values
where value_field not in (
    'Conglomerado','Banco/financeira'
)



      
    ) dbt_internal_test
[0m22:01:15.903796 [debug] [Thread-4 (]: On test.atv4.not_null_stg_complains_ano.e15a1692d7: /* {"app": "dbt", "dbt_version": "1.9.0", "profile_name": "atv4", "target_name": "dev", "node_id": "test.atv4.not_null_stg_complains_ano.e15a1692d7"} */
select
      count(*) as failures,
      count(*) != 0 as should_warn,
      count(*) != 0 as should_error
    from (
      
    
    



select ano
from "atv4"."delivery_atv4"."stg_complains"
where ano is null



      
    ) dbt_internal_test
[0m22:01:15.904524 [debug] [Thread-1 (]: SQL status: SELECT 1 in 0.001 seconds
[0m22:01:15.905590 [info ] [Thread-3 (]: 3 of 8 PASS assert_complains_totals_match ...................................... [[32mPASS[0m in 0.11s]
[0m22:01:15.909195 [debug] [Thread-2 (]: SQL status: SELECT 1 in 0.001 seconds
[0m22:01:15.909614 [debug] [Thread-4 (]: SQL status: SELECT 1 in 0.001 seconds
[0m22:01:15.911713 [debug] [Thread-1 (]: On test.atv4.accepted_values_stg_bancos_segmento__S1__S2__S3__S4__S5.7d39db6800: ROLLBACK
[0m22:01:15.913063 [debug] [Thread-3 (]: Finished running node test.atv4.assert_complains_totals_match
[0m22:01:15.914880 [debug] [Thread-2 (]: On test.atv4.accepted_values_stg_complains_tipo__Conglomerado__Banco_financeira.176719da3c: ROLLBACK
[0m22:01:15.917353 [debug] [Thread-4 (]: On test.atv4.not_null_stg_complains_ano.e15a1692d7: ROLLBACK
[0m22:01:15.919132 [debug] [Thread-1 (]: On test.atv4.accepted_values_stg_bancos_segmento__S1__S2__S3__S4__S5.7d39db6800: Close
[0m22:01:15.920170 [debug] [Thread-3 (]: Began running node test.atv4.not_null_stg_complains_qtd_recl_total.9d64aa8e50
[0m22:01:15.921971 [debug] [Thread-2 (]: On test.atv4.accepted_values_stg_complains_tipo__Conglomerado__Banco_financeira.176719da3c: Close
[0m22:01:15.923301 [debug] [Thread-4 (]: On test.atv4.not_null_stg_complains_ano.e15a1692d7: Close
[0m22:01:15.924533 [info ] [Thread-1 (]: 1 of 8 PASS accepted_values_stg_bancos_segmento__S1__S2__S3__S4__S5 ............ [[32mPASS[0m in 0.13s]
[0m22:01:15.925560 [info ] [Thread-3 (]: 5 of 8 START test not_null_stg_complains_qtd_recl_total ........................ [RUN]
[0m22:01:15.927370 [info ] [Thread-2 (]: 2 of 8 PASS accepted_values_stg_complains_tipo__Conglomerado__Banco_financeira . [[32mPASS[0m in 0.13s]
[0m22:01:15.929789 [info ] [Thread-4 (]: 4 of 8 PASS not_null_stg_complains_ano ......................................... [[32mPASS[0m in 0.13s]
[0m22:01:15.931041 [debug] [Thread-1 (]: Finished running node test.atv4.accepted_values_stg_bancos_segmento__S1__S2__S3__S4__S5.7d39db6800
[0m22:01:15.932559 [debug] [Thread-3 (]: Re-using an available connection from the pool (formerly test.atv4.assert_complains_totals_match, now test.atv4.not_null_stg_complains_qtd_recl_total.9d64aa8e50)
[0m22:01:15.934697 [debug] [Thread-2 (]: Finished running node test.atv4.accepted_values_stg_complains_tipo__Conglomerado__Banco_financeira.176719da3c
[0m22:01:15.936248 [debug] [Thread-4 (]: Finished running node test.atv4.not_null_stg_complains_ano.e15a1692d7
[0m22:01:15.937521 [debug] [Thread-1 (]: Began running node test.atv4.not_null_stg_complains_trimestre.34cb859dd9
[0m22:01:15.938852 [debug] [Thread-3 (]: Began compiling node test.atv4.not_null_stg_complains_qtd_recl_total.9d64aa8e50
[0m22:01:15.940256 [debug] [Thread-2 (]: Began running node test.atv4.not_null_stg_empregados_chave_nome.917e70360e
[0m22:01:15.941282 [debug] [Thread-4 (]: Began running node test.atv4.unique_stg_empregados_chave_nome.74fb451d6f
[0m22:01:15.942410 [info ] [Thread-1 (]: 6 of 8 START test not_null_stg_complains_trimestre ............................. [RUN]
[0m22:01:15.947402 [debug] [Thread-3 (]: Writing injected SQL for node "test.atv4.not_null_stg_complains_qtd_recl_total.9d64aa8e50"
[0m22:01:15.948711 [info ] [Thread-2 (]: 7 of 8 START test not_null_stg_empregados_chave_nome ........................... [RUN]
[0m22:01:15.950083 [info ] [Thread-4 (]: 8 of 8 START test unique_stg_empregados_chave_nome ............................. [RUN]
[0m22:01:15.951928 [debug] [Thread-1 (]: Re-using an available connection from the pool (formerly test.atv4.accepted_values_stg_bancos_segmento__S1__S2__S3__S4__S5.7d39db6800, now test.atv4.not_null_stg_complains_trimestre.34cb859dd9)
[0m22:01:15.954077 [debug] [Thread-2 (]: Re-using an available connection from the pool (formerly test.atv4.accepted_values_stg_complains_tipo__Conglomerado__Banco_financeira.176719da3c, now test.atv4.not_null_stg_empregados_chave_nome.917e70360e)
[0m22:01:15.955633 [debug] [Thread-4 (]: Re-using an available connection from the pool (formerly test.atv4.not_null_stg_complains_ano.e15a1692d7, now test.atv4.unique_stg_empregados_chave_nome.74fb451d6f)
[0m22:01:15.957113 [debug] [Thread-1 (]: Began compiling node test.atv4.not_null_stg_complains_trimestre.34cb859dd9
[0m22:01:15.958519 [debug] [Thread-2 (]: Began compiling node test.atv4.not_null_stg_empregados_chave_nome.917e70360e
[0m22:01:15.959132 [debug] [Thread-3 (]: Began executing node test.atv4.not_null_stg_complains_qtd_recl_total.9d64aa8e50
[0m22:01:15.959974 [debug] [Thread-4 (]: Began compiling node test.atv4.unique_stg_empregados_chave_nome.74fb451d6f
[0m22:01:15.966061 [debug] [Thread-1 (]: Writing injected SQL for node "test.atv4.not_null_stg_complains_trimestre.34cb859dd9"
[0m22:01:15.971933 [debug] [Thread-2 (]: Writing injected SQL for node "test.atv4.not_null_stg_empregados_chave_nome.917e70360e"
[0m22:01:15.975484 [debug] [Thread-3 (]: Writing runtime sql for node "test.atv4.not_null_stg_complains_qtd_recl_total.9d64aa8e50"
[0m22:01:15.983424 [debug] [Thread-4 (]: Writing injected SQL for node "test.atv4.unique_stg_empregados_chave_nome.74fb451d6f"
[0m22:01:15.989113 [debug] [Thread-1 (]: Began executing node test.atv4.not_null_stg_complains_trimestre.34cb859dd9
[0m22:01:15.993128 [debug] [Thread-1 (]: Writing runtime sql for node "test.atv4.not_null_stg_complains_trimestre.34cb859dd9"
[0m22:01:15.993811 [debug] [Thread-2 (]: Began executing node test.atv4.not_null_stg_empregados_chave_nome.917e70360e
[0m22:01:15.995714 [debug] [Thread-4 (]: Began executing node test.atv4.unique_stg_empregados_chave_nome.74fb451d6f
[0m22:01:15.996809 [debug] [Thread-3 (]: Using postgres connection "test.atv4.not_null_stg_complains_qtd_recl_total.9d64aa8e50"
[0m22:01:16.001452 [debug] [Thread-2 (]: Writing runtime sql for node "test.atv4.not_null_stg_empregados_chave_nome.917e70360e"
[0m22:01:16.004983 [debug] [Thread-4 (]: Writing runtime sql for node "test.atv4.unique_stg_empregados_chave_nome.74fb451d6f"
[0m22:01:16.006850 [debug] [Thread-3 (]: On test.atv4.not_null_stg_complains_qtd_recl_total.9d64aa8e50: BEGIN
[0m22:01:16.007662 [debug] [Thread-1 (]: Using postgres connection "test.atv4.not_null_stg_complains_trimestre.34cb859dd9"
[0m22:01:16.011460 [debug] [Thread-3 (]: Opening a new connection, currently in state closed
[0m22:01:16.013673 [debug] [Thread-1 (]: On test.atv4.not_null_stg_complains_trimestre.34cb859dd9: BEGIN
[0m22:01:16.015066 [debug] [Thread-2 (]: Using postgres connection "test.atv4.not_null_stg_empregados_chave_nome.917e70360e"
[0m22:01:16.017261 [debug] [Thread-1 (]: Opening a new connection, currently in state closed
[0m22:01:16.018087 [debug] [Thread-4 (]: Using postgres connection "test.atv4.unique_stg_empregados_chave_nome.74fb451d6f"
[0m22:01:16.020092 [debug] [Thread-2 (]: On test.atv4.not_null_stg_empregados_chave_nome.917e70360e: BEGIN
[0m22:01:16.023684 [debug] [Thread-4 (]: On test.atv4.unique_stg_empregados_chave_nome.74fb451d6f: BEGIN
[0m22:01:16.024496 [debug] [Thread-3 (]: SQL status: BEGIN in 0.013 seconds
[0m22:01:16.026076 [debug] [Thread-2 (]: Opening a new connection, currently in state closed
[0m22:01:16.028533 [debug] [Thread-4 (]: Opening a new connection, currently in state closed
[0m22:01:16.030756 [debug] [Thread-3 (]: Using postgres connection "test.atv4.not_null_stg_complains_qtd_recl_total.9d64aa8e50"
[0m22:01:16.032603 [debug] [Thread-1 (]: SQL status: BEGIN in 0.015 seconds
[0m22:01:16.035584 [debug] [Thread-3 (]: On test.atv4.not_null_stg_complains_qtd_recl_total.9d64aa8e50: /* {"app": "dbt", "dbt_version": "1.9.0", "profile_name": "atv4", "target_name": "dev", "node_id": "test.atv4.not_null_stg_complains_qtd_recl_total.9d64aa8e50"} */
select
      count(*) as failures,
      count(*) != 0 as should_warn,
      count(*) != 0 as should_error
    from (
      
    
    



select qtd_recl_total
from "atv4"."delivery_atv4"."stg_complains"
where qtd_recl_total is null



      
    ) dbt_internal_test
[0m22:01:16.038519 [debug] [Thread-1 (]: Using postgres connection "test.atv4.not_null_stg_complains_trimestre.34cb859dd9"
[0m22:01:16.039845 [debug] [Thread-2 (]: SQL status: BEGIN in 0.014 seconds
[0m22:01:16.041300 [debug] [Thread-4 (]: SQL status: BEGIN in 0.013 seconds
[0m22:01:16.042768 [debug] [Thread-3 (]: SQL status: SELECT 1 in 0.002 seconds
[0m22:01:16.043306 [debug] [Thread-1 (]: On test.atv4.not_null_stg_complains_trimestre.34cb859dd9: /* {"app": "dbt", "dbt_version": "1.9.0", "profile_name": "atv4", "target_name": "dev", "node_id": "test.atv4.not_null_stg_complains_trimestre.34cb859dd9"} */
select
      count(*) as failures,
      count(*) != 0 as should_warn,
      count(*) != 0 as should_error
    from (
      
    
    



select trimestre
from "atv4"."delivery_atv4"."stg_complains"
where trimestre is null



      
    ) dbt_internal_test
[0m22:01:16.044738 [debug] [Thread-2 (]: Using postgres connection "test.atv4.not_null_stg_empregados_chave_nome.917e70360e"
[0m22:01:16.046362 [debug] [Thread-4 (]: Using postgres connection "test.atv4.unique_stg_empregados_chave_nome.74fb451d6f"
[0m22:01:16.048989 [debug] [Thread-3 (]: On test.atv4.not_null_stg_complains_qtd_recl_total.9d64aa8e50: ROLLBACK
[0m22:01:16.051605 [debug] [Thread-2 (]: On test.atv4.not_null_stg_empregados_chave_nome.917e70360e: /* {"app": "dbt", "dbt_version": "1.9.0", "profile_name": "atv4", "target_name": "dev", "node_id": "test.atv4.not_null_stg_empregados_chave_nome.917e70360e"} */
select
      count(*) as failures,
      count(*) != 0 as should_warn,
      count(*) != 0 as should_error
    from (
      
    
    



select chave_nome
from "atv4"."delivery_atv4"."stg_empregados"
where chave_nome is null



      
    ) dbt_internal_test
[0m22:01:16.052122 [debug] [Thread-1 (]: SQL status: SELECT 1 in 0.001 seconds
[0m22:01:16.052975 [debug] [Thread-4 (]: On test.atv4.unique_stg_empregados_chave_nome.74fb451d6f: /* {"app": "dbt", "dbt_version": "1.9.0", "profile_name": "atv4", "target_name": "dev", "node_id": "test.atv4.unique_stg_empregados_chave_nome.74fb451d6f"} */
select
      count(*) as failures,
      count(*) != 0 as should_warn,
      count(*) != 0 as should_error
    from (
      
    
    

select
    chave_nome as unique_field,
    count(*) as n_records

from "atv4"."delivery_atv4"."stg_empregados"
where chave_nome is not null
group by chave_nome
having count(*) > 1



      
    ) dbt_internal_test
[0m22:01:16.054320 [debug] [Thread-3 (]: On test.atv4.not_null_stg_complains_qtd_recl_total.9d64aa8e50: Close
[0m22:01:16.057265 [debug] [Thread-1 (]: On test.atv4.not_null_stg_complains_trimestre.34cb859dd9: ROLLBACK
[0m22:01:16.057717 [debug] [Thread-2 (]: SQL status: SELECT 1 in 0.003 seconds
[0m22:01:16.060175 [info ] [Thread-3 (]: 5 of 8 PASS not_null_stg_complains_qtd_recl_total .............................. [[32mPASS[0m in 0.13s]
[0m22:01:16.061086 [debug] [Thread-4 (]: SQL status: SELECT 1 in 0.002 seconds
[0m22:01:16.062542 [debug] [Thread-1 (]: On test.atv4.not_null_stg_complains_trimestre.34cb859dd9: Close
[0m22:01:16.064603 [debug] [Thread-2 (]: On test.atv4.not_null_stg_empregados_chave_nome.917e70360e: ROLLBACK
[0m22:01:16.066229 [debug] [Thread-3 (]: Finished running node test.atv4.not_null_stg_complains_qtd_recl_total.9d64aa8e50
[0m22:01:16.068567 [debug] [Thread-4 (]: On test.atv4.unique_stg_empregados_chave_nome.74fb451d6f: ROLLBACK
[0m22:01:16.070101 [info ] [Thread-1 (]: 6 of 8 PASS not_null_stg_complains_trimestre ................................... [[32mPASS[0m in 0.12s]
[0m22:01:16.071699 [debug] [Thread-2 (]: On test.atv4.not_null_stg_empregados_chave_nome.917e70360e: Close
[0m22:01:16.074958 [debug] [Thread-4 (]: On test.atv4.unique_stg_empregados_chave_nome.74fb451d6f: Close
[0m22:01:16.076080 [debug] [Thread-1 (]: Finished running node test.atv4.not_null_stg_complains_trimestre.34cb859dd9
[0m22:01:16.078410 [info ] [Thread-2 (]: 7 of 8 PASS not_null_stg_empregados_chave_nome ................................. [[32mPASS[0m in 0.12s]
[0m22:01:16.081071 [info ] [Thread-4 (]: 8 of 8 PASS unique_stg_empregados_chave_nome ................................... [[32mPASS[0m in 0.13s]
[0m22:01:16.084182 [debug] [Thread-2 (]: Finished running node test.atv4.not_null_stg_empregados_chave_nome.917e70360e
[0m22:01:16.085510 [debug] [Thread-4 (]: Finished running node test.atv4.unique_stg_empregados_chave_nome.74fb451d6f
[0m22:01:16.089955 [debug] [MainThread]: Using postgres connection "master"
[0m22:01:16.091385 [debug] [MainThread]: On master: BEGIN
[0m22:01:16.092338 [debug] [MainThread]: Opening a new connection, currently in state closed
[0m22:01:16.098058 [debug] [MainThread]: SQL status: BEGIN in 0.006 seconds
[0m22:01:16.099575 [debug] [MainThread]: On master: COMMIT
[0m22:01:16.101006 [debug] [MainThread]: Using postgres connection "master"
[0m22:01:16.102533 [debug] [MainThread]: On master: COMMIT
[0m22:01:16.104037 [debug] [MainThread]: SQL status: COMMIT in 0.000 seconds
[0m22:01:16.105497 [debug] [MainThread]: On master: Close
[0m22:01:16.106764 [debug] [MainThread]: Connection 'master' was properly closed.
[0m22:01:16.108308 [debug] [MainThread]: Connection 'test.atv4.not_null_stg_complains_trimestre.34cb859dd9' was properly closed.
[0m22:01:16.109334 [debug] [MainThread]: Connection 'test.atv4.not_null_stg_empregados_chave_nome.917e70360e' was properly closed.
[0m22:01:16.110480 [debug] [MainThread]: Connection 'test.atv4.not_null_stg_complains_qtd_recl_total.9d64aa8e50' was properly closed.
[0m22:01:16.111799 [debug] [MainThread]: Connection 'test.atv4.unique_stg_empregados_chave_nome.74fb451d6f' was properly closed.
[0m22:01:16.113059 [info ] [MainThread]: 
[0m22:01:16.114164 [info ] [MainThread]: Finished running 8 data tests in 0 hours 0 minutes and 0.44 seconds (0.44s).
[0m22:01:16.116986 [debug] [MainThread]: Command end result
[0m22:01:16.157670 [debug] [MainThread]: Wrote artifact WritableManifest to /usr/app/dbt_atv4_project/target/manifest.json
[0m22:01:16.161798 [debug] [MainThread]: Wrote artifact SemanticManifest to /usr/app/dbt_atv4_project/target/semantic_manifest.json
[0m22:01:16.171830 [debug] [MainThread]: Wrote artifact RunExecutionResult to /usr/app/dbt_atv4_project/target/run_results.json
[0m22:01:16.173396 [info ] [MainThread]: 
[0m22:01:16.174818 [info ] [MainThread]: [32mCompleted successfully[0m
[0m22:01:16.176135 [info ] [MainThread]: 
[0m22:01:16.177743 [info ] [MainThread]: Done. PASS=8 WARN=0 ERROR=0 SKIP=0 TOTAL=8
[0m22:01:16.180198 [debug] [MainThread]: Resource report: {"command_name": "test", "command_success": true, "command_wall_clock_time": 1.6652919, "process_in_blocks": "3075", "process_kernel_time": 0.519272, "process_mem_max_rss": "115976", "process_out_blocks": "1600", "process_user_time": 2.584381}
[0m22:01:16.181633 [debug] [MainThread]: Command `dbt test` succeeded at 22:01:16.181489 after 1.67 seconds
[0m22:01:16.183120 [debug] [MainThread]: Sending event: {'category': 'dbt', 'action': 'invocation', 'label': 'end', 'context': [<snowplow_tracker.self_describing_json.SelfDescribingJson object at 0x7535b93cebd0>, <snowplow_tracker.self_describing_json.SelfDescribingJson object at 0x7535baec8500>, <snowplow_tracker.self_describing_json.SelfDescribingJson object at 0x7535b9441280>]}
[0m22:01:16.184482 [debug] [MainThread]: Flushing usage events
[0m22:01:16.788872 [debug] [MainThread]: An error was encountered while trying to flush usage events
[0m09:57:46.150776 [debug] [MainThread]: Sending event: {'category': 'dbt', 'action': 'invocation', 'label': 'start', 'context': [<snowplow_tracker.self_describing_json.SelfDescribingJson object at 0x000001D265AB2BA0>, <snowplow_tracker.self_describing_json.SelfDescribingJson object at 0x000001D2695E39D0>, <snowplow_tracker.self_describing_json.SelfDescribingJson object at 0x000001D2695E3750>]}


============================== 09:57:46.280072 | e4e20fa1-4ab3-4c46-b3e9-b4380f4fb2ae ==============================
[0m09:57:46.280072 [info ] [MainThread]: Running with dbt=1.12.3
[0m09:57:46.280775 [debug] [MainThread]: running dbt with arguments {'maximum_seed_size_mib': '1', 'no_print': 'None', 'version_check': 'True', 'warn_error_options': 'WarnErrorOptionsV2(error=[], warn=[], silence=[])', 'target_path': 'None', 'static_parser': 'True', 'printer_width': '80', 'write_json': 'True', 'introspect': 'True', 'log_cache_events': 'False', 'empty': 'None', 'cache_selected_only': 'False', 'fail_fast': 'False', 'debug': 'False', 'log_format': 'default', 'partial_parse': 'True', 'send_anonymous_usage_stats': 'True', 'quiet': 'False', 'warn_error': 'None', 'profiles_dir': 'C:\\Users\\letic\\.dbt', 'use_colors': 'True', 'hints_enabled': 'True', 'invocation_command': 'dbt docs generate', 'use_experimental_parser': 'False', 'indirect_selection': 'eager', 'log_path': 'D:\\ingestao\\IngestionPipeline_04\\elt_dbt_atv4\\logs'}
[0m09:57:46.283418 [error] [MainThread]: [[31mERROR[0m]: Encountered an error:
Runtime Error
  Could not find profile named 'atv4'
[0m09:57:46.284552 [debug] [MainThread]: Command `dbt docs generate` failed at 09:57:46.284346 after 0.30 seconds
[0m09:57:46.284990 [debug] [MainThread]: Sending event: {'category': 'dbt', 'action': 'invocation', 'label': 'end', 'context': [<snowplow_tracker.self_describing_json.SelfDescribingJson object at 0x000001D26967A9E0>, <snowplow_tracker.self_describing_json.SelfDescribingJson object at 0x000001D269578050>, <snowplow_tracker.self_describing_json.SelfDescribingJson object at 0x000001D2695F2F10>]}
[0m09:57:46.285475 [debug] [MainThread]: Flushing usage events
[0m09:57:47.533781 [debug] [MainThread]: An error was encountered while trying to flush usage events
[0m09:58:58.696694 [debug] [MainThread]: Sending event: {'category': 'dbt', 'action': 'invocation', 'label': 'start', 'context': [<snowplow_tracker.self_describing_json.SelfDescribingJson object at 0x000001A265B16510>, <snowplow_tracker.self_describing_json.SelfDescribingJson object at 0x000001A263465090>, <snowplow_tracker.self_describing_json.SelfDescribingJson object at 0x000001A26847F890>]}


============================== 09:58:58.701167 | 5cc765c0-7fd4-4bd1-9546-b1e9eeddff03 ==============================
[0m09:58:58.701167 [info ] [MainThread]: Running with dbt=1.12.3
[0m09:58:58.701847 [debug] [MainThread]: running dbt with arguments {'maximum_seed_size_mib': '1', 'no_print': 'None', 'version_check': 'True', 'target_path': 'None', 'static_parser': 'True', 'warn_error_options': 'WarnErrorOptionsV2(error=[], warn=[], silence=[])', 'printer_width': '80', 'write_json': 'True', 'empty': 'None', 'log_cache_events': 'False', 'introspect': 'True', 'cache_selected_only': 'False', 'fail_fast': 'False', 'debug': 'False', 'log_format': 'default', 'profiles_dir': '.', 'send_anonymous_usage_stats': 'True', 'quiet': 'False', 'warn_error': 'None', 'partial_parse': 'True', 'use_colors': 'True', 'hints_enabled': 'True', 'invocation_command': 'dbt docs generate --profiles-dir .', 'use_experimental_parser': 'False', 'indirect_selection': 'eager', 'log_path': 'D:\\ingestao\\IngestionPipeline_04\\elt_dbt_atv4\\logs'}
[0m09:58:58.704149 [error] [MainThread]: [[31mERROR[0m]: Encountered an error:
Runtime Error
  Could not find profile named 'atv4'
[0m09:58:58.705182 [debug] [MainThread]: Command `dbt docs generate` failed at 09:58:58.705065 after 0.16 seconds
[0m09:58:58.705541 [debug] [MainThread]: Sending event: {'category': 'dbt', 'action': 'invocation', 'label': 'end', 'context': [<snowplow_tracker.self_describing_json.SelfDescribingJson object at 0x000001A2683EE8B0>, <snowplow_tracker.self_describing_json.SelfDescribingJson object at 0x000001A26841E690>, <snowplow_tracker.self_describing_json.SelfDescribingJson object at 0x000001A268497AC0>]}
[0m09:58:58.705909 [debug] [MainThread]: Flushing usage events
[0m09:58:59.574679 [debug] [MainThread]: An error was encountered while trying to flush usage events
[0m10:01:20.179966 [debug] [MainThread]: Sending event: {'category': 'dbt', 'action': 'invocation', 'label': 'start', 'context': [<snowplow_tracker.self_describing_json.SelfDescribingJson object at 0x0000025F1FFC6510>, <snowplow_tracker.self_describing_json.SelfDescribingJson object at 0x0000025F2292F890>, <snowplow_tracker.self_describing_json.SelfDescribingJson object at 0x0000025F2292F610>]}


============================== 10:01:20.184416 | 9b104faa-6f67-445c-b7ad-dcf41be61f00 ==============================
[0m10:01:20.184416 [info ] [MainThread]: Running with dbt=1.12.3
[0m10:01:20.185087 [debug] [MainThread]: running dbt with arguments {'version_check': 'True', 'no_print': 'None', 'static_parser': 'True', 'target_path': 'None', 'warn_error_options': 'WarnErrorOptionsV2(error=[], warn=[], silence=[])', 'maximum_seed_size_mib': '1', 'printer_width': '80', 'write_json': 'True', 'introspect': 'True', 'log_cache_events': 'False', 'empty': 'None', 'cache_selected_only': 'False', 'log_format': 'default', 'debug': 'False', 'fail_fast': 'False', 'partial_parse': 'True', 'send_anonymous_usage_stats': 'True', 'quiet': 'False', 'warn_error': 'None', 'profiles_dir': '..\\profiles', 'invocation_command': 'dbt docs generate --profiles-dir ..\\profiles', 'hints_enabled': 'True', 'use_colors': 'True', 'use_experimental_parser': 'False', 'indirect_selection': 'eager', 'log_path': 'D:\\ingestao\\IngestionPipeline_04\\elt_dbt_atv4\\logs'}
[0m10:01:20.626571 [debug] [MainThread]: Sending event: {'category': 'dbt', 'action': 'project_id', 'label': '9b104faa-6f67-445c-b7ad-dcf41be61f00', 'context': [<snowplow_tracker.self_describing_json.SelfDescribingJson object at 0x0000025F2289B5C0>]}
[0m10:01:20.697688 [debug] [MainThread]: Sending event: {'category': 'dbt', 'action': 'adapter_info', 'label': '9b104faa-6f67-445c-b7ad-dcf41be61f00', 'context': [<snowplow_tracker.self_describing_json.SelfDescribingJson object at 0x0000025F20BD07C0>]}
[0m10:01:20.704889 [info ] [MainThread]: Registered adapter: postgres=1.11.0
[0m10:01:20.983213 [debug] [MainThread]: checksum: 4041e9a5adfa7726ee66a3e8995880e88c6c8c31e367b5e16fd50575a761d42d, vars: {}, profile: atv4, target: dev, version: 1.12.3
[0m10:01:21.110098 [info ] [MainThread]: Unable to do partial parsing because of a version mismatch
[0m10:01:21.110611 [debug] [MainThread]: Sending event: {'category': 'dbt', 'action': 'partial_parser', 'label': '9b104faa-6f67-445c-b7ad-dcf41be61f00', 'context': [<snowplow_tracker.self_describing_json.SelfDescribingJson object at 0x0000025F22FD9D50>]}
[0m10:01:22.907281 [warn ] [MainThread]: [[33mWARNING[0m][MissingArgumentsPropertyInGenericTestDeprecation]: Deprecated
functionality
Found top-level arguments to test `accepted_values` defined on 'stg_bancos' in
package 'atv4' (models\schema.yml). Arguments to generic tests should be nested
under the `arguments` property.
[0m10:01:22.907892 [debug] [MainThread]: Sending event: {'category': 'dbt', 'action': 'deprecation', 'label': '9b104faa-6f67-445c-b7ad-dcf41be61f00', 'property_': 'warn', 'context': [<snowplow_tracker.self_describing_json.SelfDescribingJson object at 0x0000025F239166C0>]}
[0m10:01:23.238141 [debug] [MainThread]: Sending event: {'category': 'dbt', 'action': 'load_project', 'label': '9b104faa-6f67-445c-b7ad-dcf41be61f00', 'context': [<snowplow_tracker.self_describing_json.SelfDescribingJson object at 0x0000025F24B2CAD0>]}
[0m10:01:23.347981 [debug] [MainThread]: Sending event: {'category': 'dbt', 'action': 'resource_counts', 'label': '9b104faa-6f67-445c-b7ad-dcf41be61f00', 'context': [<snowplow_tracker.self_describing_json.SelfDescribingJson object at 0x0000025F24F1F860>]}
[0m10:01:23.348469 [info ] [MainThread]: Found 4 models, 8 data tests, 4 sources, 479 macros
[0m10:01:23.348990 [debug] [MainThread]: Sending event: {'category': 'dbt', 'action': 'runnable_timing', 'label': '9b104faa-6f67-445c-b7ad-dcf41be61f00', 'context': [<snowplow_tracker.self_describing_json.SelfDescribingJson object at 0x0000025F24A4E750>]}
[0m10:01:23.351662 [info ] [MainThread]: 
[0m10:01:23.352181 [info ] [MainThread]: Concurrency: 4 threads (target='dev')
[0m10:01:23.352596 [info ] [MainThread]: 
[0m10:01:23.353221 [debug] [MainThread]: Acquiring new postgres connection 'master'
[0m10:01:23.357317 [debug] [ThreadPool]: Acquiring new postgres connection 'list_pipeline_db_delivery_atv4'
[0m10:01:25.126348 [debug] [ThreadPool]: Using postgres connection "list_pipeline_db_delivery_atv4"
[0m10:01:25.126772 [debug] [ThreadPool]: On list_pipeline_db_delivery_atv4: /* {"app": "dbt", "dbt_version": "1.12.3", "profile_name": "atv4", "target_name": "dev", "connection_name": "list_pipeline_db_delivery_atv4"} */
select
      'pipeline_db' as database,
      tablename as name,
      schemaname as schema,
      'table' as type
    from pg_tables
    where schemaname ilike 'delivery_atv4'
    union all
    select
      'pipeline_db' as database,
      viewname as name,
      schemaname as schema,
      'view' as type
    from pg_views
    where schemaname ilike 'delivery_atv4'
    union all
    select
      'pipeline_db' as database,
      matviewname as name,
      schemaname as schema,
      'materialized_view' as type
    from pg_matviews
    where schemaname ilike 'delivery_atv4'
    union all
    select distinct
     'pipeline_db' as database,
     proname as name,
     ns.nspname as schema,
     'function' as type
    from pg_proc
     join pg_namespace as ns on pronamespace = ns.oid
    where ns.nspname ilike 'delivery_atv4'
  
[0m10:01:25.127152 [debug] [ThreadPool]: Opening a new connection, currently in state init
[0m10:01:25.553956 [debug] [ThreadPool]: Postgres adapter: Error running SQL: /* {"app": "dbt", "dbt_version": "1.12.3", "profile_name": "atv4", "target_name": "dev", "connection_name": "list_pipeline_db_delivery_atv4"} */
select
      'pipeline_db' as database,
      tablename as name,
      schemaname as schema,
      'table' as type
    from pg_tables
    where schemaname ilike 'delivery_atv4'
    union all
    select
      'pipeline_db' as database,
      viewname as name,
      schemaname as schema,
      'view' as type
    from pg_views
    where schemaname ilike 'delivery_atv4'
    union all
    select
      'pipeline_db' as database,
      matviewname as name,
      schemaname as schema,
      'materialized_view' as type
    from pg_matviews
    where schemaname ilike 'delivery_atv4'
    union all
    select distinct
     'pipeline_db' as database,
     proname as name,
     ns.nspname as schema,
     'function' as type
    from pg_proc
     join pg_namespace as ns on pronamespace = ns.oid
    where ns.nspname ilike 'delivery_atv4'
  
[0m10:01:25.554386 [debug] [ThreadPool]: Postgres adapter: Rolling back transaction.
[0m10:01:25.554770 [debug] [ThreadPool]: Postgres adapter: Error running SQL: macro list_relations_without_caching
[0m10:01:25.555077 [debug] [ThreadPool]: Postgres adapter: Rolling back transaction.
[0m10:01:25.555409 [debug] [ThreadPool]: On list_pipeline_db_delivery_atv4: No close available on handle
[0m10:01:25.556243 [debug] [MainThread]: Connection 'master' was properly closed.
[0m10:01:25.556563 [debug] [MainThread]: Connection 'list_pipeline_db_delivery_atv4' was properly closed.
[0m10:01:25.557027 [error] [MainThread]: [[31mERROR[0m]: Encountered an error:
Database Error
  'utf-8' codec can't decode byte 0xe7 in position 78: invalid continuation byte
[0m10:01:25.557841 [warn ] [MainThread]: [[33mWARNING[0m][DeprecationsSummary]: Deprecated functionality
Summary of encountered deprecations:
- MissingArgumentsPropertyInGenericTestDeprecation: 2 occurrences
To see all deprecation instances instead of just the first occurrence of each,
run command again with the `--show-all-deprecations` flag. You may also need to
run with `--no-partial-parse` as some deprecations are only encountered during
parsing.
[0m10:01:25.559097 [debug] [MainThread]: Command `dbt docs generate` failed at 10:01:25.558947 after 5.57 seconds
[0m10:01:25.559506 [debug] [MainThread]: Sending event: {'category': 'dbt', 'action': 'invocation', 'label': 'end', 'context': [<snowplow_tracker.self_describing_json.SelfDescribingJson object at 0x0000025F25248680>, <snowplow_tracker.self_describing_json.SelfDescribingJson object at 0x0000025F24F491D0>, <snowplow_tracker.self_describing_json.SelfDescribingJson object at 0x0000025F25234050>]}
[0m10:01:25.559925 [debug] [MainThread]: Flushing usage events
[0m10:01:26.777339 [debug] [MainThread]: An error was encountered while trying to flush usage events
[0m23:57:32.063200 [debug] [MainThread]: Sending event: {'category': 'dbt', 'action': 'invocation', 'label': 'start', 'context': [<snowplow_tracker.self_describing_json.SelfDescribingJson object at 0x79f4172469f0>, <snowplow_tracker.self_describing_json.SelfDescribingJson object at 0x79f417b22a20>, <snowplow_tracker.self_describing_json.SelfDescribingJson object at 0x79f417247320>]}


============================== 23:57:32.074055 | b1c06837-8911-4e74-bd10-19d50dfb68f9 ==============================
[0m23:57:32.074055 [info ] [MainThread]: Running with dbt=1.9.0
[0m23:57:32.075888 [debug] [MainThread]: running dbt with arguments {'printer_width': '80', 'indirect_selection': 'eager', 'write_json': 'True', 'log_cache_events': 'False', 'partial_parse': 'True', 'cache_selected_only': 'False', 'warn_error': 'None', 'debug': 'False', 'fail_fast': 'False', 'log_path': '/usr/app/dbt_atv4_project/logs', 'version_check': 'True', 'profiles_dir': '/root/.dbt', 'use_colors': 'True', 'use_experimental_parser': 'False', 'empty': 'None', 'quiet': 'False', 'no_print': 'None', 'log_format': 'default', 'invocation_command': 'dbt debug', 'static_parser': 'True', 'warn_error_options': 'WarnErrorOptions(include=[], exclude=[])', 'target_path': 'None', 'introspect': 'True', 'send_anonymous_usage_stats': 'True'}
[0m23:57:32.099107 [info ] [MainThread]: dbt version: 1.9.0
[0m23:57:32.103258 [info ] [MainThread]: python version: 3.12.4
[0m23:57:32.105932 [info ] [MainThread]: python path: /usr/local/bin/python
[0m23:57:32.108422 [info ] [MainThread]: os info: Linux-6.18.33.2-microsoft-standard-WSL2-x86_64-with-glibc2.31
[0m23:57:32.126557 [error] [MainThread]: Encountered an error:
Parsing Error
  Env var required but not provided: 'DB_HOST'
[0m23:57:32.130623 [debug] [MainThread]: Resource report: {"command_name": "debug", "command_success": false, "command_wall_clock_time": 0.24677214, "process_in_blocks": "1403", "process_kernel_time": 0.209719, "process_mem_max_rss": "86844", "process_out_blocks": "48", "process_user_time": 1.375278}
[0m23:57:32.132276 [debug] [MainThread]: Command `dbt debug` failed at 23:57:32.132089 after 0.25 seconds
[0m23:57:32.134559 [debug] [MainThread]: Sending event: {'category': 'dbt', 'action': 'invocation', 'label': 'end', 'context': [<snowplow_tracker.self_describing_json.SelfDescribingJson object at 0x79f416cedb80>, <snowplow_tracker.self_describing_json.SelfDescribingJson object at 0x79f417117d70>, <snowplow_tracker.self_describing_json.SelfDescribingJson object at 0x79f416e71d00>]}
[0m23:57:32.136159 [debug] [MainThread]: Flushing usage events
[0m23:57:33.066933 [debug] [MainThread]: An error was encountered while trying to flush usage events
[0m00:04:02.584935 [debug] [MainThread]: Sending event: {'category': 'dbt', 'action': 'invocation', 'label': 'start', 'context': [<snowplow_tracker.self_describing_json.SelfDescribingJson object at 0x7d7861d13d10>, <snowplow_tracker.self_describing_json.SelfDescribingJson object at 0x7d7862459640>, <snowplow_tracker.self_describing_json.SelfDescribingJson object at 0x7d7861e14a40>]}


============================== 00:04:02.614196 | c3885da2-e1a1-4119-8d3a-08521b4a6e56 ==============================
[0m00:04:02.614196 [info ] [MainThread]: Running with dbt=1.9.0
[0m00:04:02.617334 [debug] [MainThread]: running dbt with arguments {'printer_width': '80', 'indirect_selection': 'eager', 'log_cache_events': 'False', 'write_json': 'True', 'partial_parse': 'True', 'cache_selected_only': 'False', 'warn_error': 'None', 'debug': 'False', 'version_check': 'True', 'log_path': '/usr/app/dbt_atv4_project/logs', 'profiles_dir': '/root/.dbt', 'fail_fast': 'False', 'use_colors': 'True', 'use_experimental_parser': 'False', 'no_print': 'None', 'quiet': 'False', 'empty': 'None', 'log_format': 'default', 'introspect': 'True', 'invocation_command': 'dbt debug', 'static_parser': 'True', 'target_path': 'None', 'warn_error_options': 'WarnErrorOptions(include=[], exclude=[])', 'send_anonymous_usage_stats': 'True'}
[0m00:04:02.710242 [info ] [MainThread]: dbt version: 1.9.0
[0m00:04:02.711984 [info ] [MainThread]: python version: 3.12.4
[0m00:04:02.713345 [info ] [MainThread]: python path: /usr/local/bin/python
[0m00:04:02.716712 [info ] [MainThread]: os info: Linux-6.18.33.2-microsoft-standard-WSL2-x86_64-with-glibc2.31
[0m00:04:02.932602 [info ] [MainThread]: Using profiles dir at /root/.dbt
[0m00:04:02.938812 [info ] [MainThread]: Using profiles.yml file at /root/.dbt/profiles.yml
[0m00:04:02.941279 [info ] [MainThread]: Using dbt_project.yml file at /usr/app/dbt_atv4_project/dbt_project.yml
[0m00:04:02.943456 [info ] [MainThread]: adapter type: postgres
[0m00:04:02.945259 [info ] [MainThread]: adapter version: 1.9.0
[0m00:04:03.269292 [info ] [MainThread]: Configuration:
[0m00:04:03.278533 [info ] [MainThread]:   profiles.yml file [[32mOK found and valid[0m]
[0m00:04:03.281265 [info ] [MainThread]:   dbt_project.yml file [[32mOK found and valid[0m]
[0m00:04:03.286053 [info ] [MainThread]: Required dependencies:
[0m00:04:03.288388 [debug] [MainThread]: Executing "git --help"
[0m00:04:03.346041 [debug] [MainThread]: STDOUT: "b"usage: git [--version] [--help] [-C <path>] [-c <name>=<value>]\n           [--exec-path[=<path>]] [--html-path] [--man-path] [--info-path]\n           [-p | --paginate | -P | --no-pager] [--no-replace-objects] [--bare]\n           [--git-dir=<path>] [--work-tree=<path>] [--namespace=<name>]\n           <command> [<args>]\n\nThese are common Git commands used in various situations:\n\nstart a working area (see also: git help tutorial)\n   clone             Clone a repository into a new directory\n   init              Create an empty Git repository or reinitialize an existing one\n\nwork on the current change (see also: git help everyday)\n   add               Add file contents to the index\n   mv                Move or rename a file, a directory, or a symlink\n   restore           Restore working tree files\n   rm                Remove files from the working tree and from the index\n   sparse-checkout   Initialize and modify the sparse-checkout\n\nexamine the history and state (see also: git help revisions)\n   bisect            Use binary search to find the commit that introduced a bug\n   diff              Show changes between commits, commit and working tree, etc\n   grep              Print lines matching a pattern\n   log               Show commit logs\n   show              Show various types of objects\n   status            Show the working tree status\n\ngrow, mark and tweak your common history\n   branch            List, create, or delete branches\n   commit            Record changes to the repository\n   merge             Join two or more development histories together\n   rebase            Reapply commits on top of another base tip\n   reset             Reset current HEAD to the specified state\n   switch            Switch branches\n   tag               Create, list, delete or verify a tag object signed with GPG\n\ncollaborate (see also: git help workflows)\n   fetch             Download objects and refs from another repository\n   pull              Fetch from and integrate with another repository or a local branch\n   push              Update remote refs along with associated objects\n\n'git help -a' and 'git help -g' list available subcommands and some\nconcept guides. See 'git help <command>' or 'git help <concept>'\nto read about a specific subcommand or concept.\nSee 'git help git' for an overview of the system.\n""
[0m00:04:03.347407 [debug] [MainThread]: STDERR: "b''"
[0m00:04:03.350526 [info ] [MainThread]:  - git [[32mOK found[0m]

[0m00:04:03.352031 [info ] [MainThread]: Connection:
[0m00:04:03.354398 [info ] [MainThread]:   host: postgres-db
[0m00:04:03.357021 [info ] [MainThread]:   port: 5432
[0m00:04:03.368230 [info ] [MainThread]:   user: postgres
[0m00:04:03.370840 [info ] [MainThread]:   database: pipeline_db
[0m00:04:03.372355 [info ] [MainThread]:   schema: delivery_atv4
[0m00:04:03.373791 [info ] [MainThread]:   connect_timeout: 10
[0m00:04:03.377544 [info ] [MainThread]:   role: None
[0m00:04:03.379273 [info ] [MainThread]:   search_path: None
[0m00:04:03.382018 [info ] [MainThread]:   keepalives_idle: 0
[0m00:04:03.385431 [info ] [MainThread]:   sslmode: None
[0m00:04:03.386936 [info ] [MainThread]:   sslcert: None
[0m00:04:03.389041 [info ] [MainThread]:   sslkey: None
[0m00:04:03.391676 [info ] [MainThread]:   sslrootcert: None
[0m00:04:03.394002 [info ] [MainThread]:   application_name: dbt
[0m00:04:03.397169 [info ] [MainThread]:   retries: 1
[0m00:04:03.410661 [info ] [MainThread]: Registered adapter: postgres=1.9.0
[0m00:04:03.650652 [debug] [MainThread]: Acquiring new postgres connection 'debug'
[0m00:04:03.736889 [debug] [MainThread]: Using postgres connection "debug"
[0m00:04:03.738192 [debug] [MainThread]: On debug: select 1 as id
[0m00:04:03.739480 [debug] [MainThread]: Opening a new connection, currently in state init
[0m00:04:03.764456 [debug] [MainThread]: SQL status: SELECT 1 in 0.025 seconds
[0m00:04:03.766579 [debug] [MainThread]: On debug: Close
[0m00:04:03.774571 [info ] [MainThread]:   Connection test: [[32mOK connection ok[0m]

[0m00:04:03.777173 [info ] [MainThread]: [32mAll checks passed![0m
[0m00:04:03.782944 [debug] [MainThread]: Resource report: {"command_name": "debug", "command_success": true, "command_wall_clock_time": 1.3450501, "process_in_blocks": "5051", "process_kernel_time": 0.245121, "process_mem_max_rss": "101608", "process_out_blocks": "72", "process_user_time": 1.993653}
[0m00:04:03.792185 [debug] [MainThread]: Command `dbt debug` succeeded at 00:04:03.791991 after 1.35 seconds
[0m00:04:03.793363 [debug] [MainThread]: Connection 'debug' was properly closed.
[0m00:04:03.794662 [debug] [MainThread]: Sending event: {'category': 'dbt', 'action': 'invocation', 'label': 'end', 'context': [<snowplow_tracker.self_describing_json.SelfDescribingJson object at 0x7d786034be60>, <snowplow_tracker.self_describing_json.SelfDescribingJson object at 0x7d7861f0da30>, <snowplow_tracker.self_describing_json.SelfDescribingJson object at 0x7d7862180b90>]}
[0m00:04:03.795953 [debug] [MainThread]: Flushing usage events
[0m00:04:04.386472 [debug] [MainThread]: An error was encountered while trying to flush usage events
